-- MariaDB dump 10.19  Distrib 10.4.32-MariaDB, for Win64 (AMD64)
--
-- Host: localhost    Database: proyecto_noverifactu
-- ------------------------------------------------------
-- Server version	10.4.32-MariaDB

/*!40101 SET @OLD_CHARACTER_SET_CLIENT=@@CHARACTER_SET_CLIENT */;
/*!40101 SET @OLD_CHARACTER_SET_RESULTS=@@CHARACTER_SET_RESULTS */;
/*!40101 SET @OLD_COLLATION_CONNECTION=@@COLLATION_CONNECTION */;
/*!40101 SET NAMES utf8mb4 */;
/*!40103 SET @OLD_TIME_ZONE=@@TIME_ZONE */;
/*!40103 SET TIME_ZONE='+00:00' */;
/*!40014 SET @OLD_UNIQUE_CHECKS=@@UNIQUE_CHECKS, UNIQUE_CHECKS=0 */;
/*!40014 SET @OLD_FOREIGN_KEY_CHECKS=@@FOREIGN_KEY_CHECKS, FOREIGN_KEY_CHECKS=0 */;
/*!40101 SET @OLD_SQL_MODE=@@SQL_MODE, SQL_MODE='NO_AUTO_VALUE_ON_ZERO' */;
/*!40111 SET @OLD_SQL_NOTES=@@SQL_NOTES, SQL_NOTES=0 */;

--
-- Table structure for table `clientes`
--

DROP TABLE IF EXISTS `clientes`;
/*!40101 SET @saved_cs_client     = @@character_set_client */;
/*!40101 SET character_set_client = utf8 */;
CREATE TABLE `clientes` (
  `id` int(11) NOT NULL AUTO_INCREMENT,
  `usuario_id` bigint(20) NOT NULL,
  `nif` varchar(15) NOT NULL,
  `nombre` varchar(255) DEFAULT NULL,
  `direccion` varchar(255) DEFAULT NULL,
  `codigo_postal` varchar(10) DEFAULT NULL,
  `ciudad` varchar(100) DEFAULT NULL,
  `pais` varchar(100) DEFAULT NULL,
  `email` varchar(100) DEFAULT NULL,
  `telefono` varchar(30) DEFAULT NULL,
  `created_at` timestamp NOT NULL DEFAULT current_timestamp(),
  PRIMARY KEY (`id`),
  UNIQUE KEY `usuario_id` (`usuario_id`,`nif`),
  CONSTRAINT `clientes_ibfk_1` FOREIGN KEY (`usuario_id`) REFERENCES `usuarios` (`id`)
) ENGINE=InnoDB AUTO_INCREMENT=5 DEFAULT CHARSET=utf8mb4 COLLATE=utf8mb4_general_ci;
/*!40101 SET character_set_client = @saved_cs_client */;

--
-- Dumping data for table `clientes`
--

LOCK TABLES `clientes` WRITE;
/*!40000 ALTER TABLE `clientes` DISABLE KEYS */;
INSERT INTO `clientes` VALUES (1,2,'71728851Q','José Antonio Marqués de Luis','C/ Marqués de Pidal 13 2ºD','33004','Oviedo','España','joseantonio@noverifactu.local','666222888','2026-02-03 07:42:59'),(2,2,'11398800T','Ángeles Medina Toro','C/Cuba 3 3ºC','33400','Avilés','España','angelesmedina@noverifactu.local','600000001','2026-02-03 07:57:00'),(3,4,'71902382N','Rebeca','C/Marqués de Pidal 13','33004','Oviedo','España','rebeca@test.local','622222222','2026-02-06 15:39:30'),(4,2,'76875187X','Inventado','Calle Test 2','12345','Cuenca','España','inventado@noveri.local','611111111','2026-02-19 07:56:53');
/*!40000 ALTER TABLE `clientes` ENABLE KEYS */;
UNLOCK TABLES;

--
-- Table structure for table `datos_fiscales`
--

DROP TABLE IF EXISTS `datos_fiscales`;
/*!40101 SET @saved_cs_client     = @@character_set_client */;
/*!40101 SET character_set_client = utf8 */;
CREATE TABLE `datos_fiscales` (
  `id` bigint(20) NOT NULL AUTO_INCREMENT,
  `usuario_id` bigint(20) NOT NULL,
  `nif` varchar(9) NOT NULL,
  `razon_social` varchar(100) NOT NULL,
  `direccion` varchar(150) DEFAULT NULL,
  `codigo_postal` varchar(5) DEFAULT NULL,
  `ciudad` varchar(30) DEFAULT NULL,
  `pais` varchar(50) DEFAULT NULL,
  `valido_desde` datetime NOT NULL,
  `valido_hasta` datetime DEFAULT NULL,
  `logo_path` varchar(255) DEFAULT NULL,
  PRIMARY KEY (`id`),
  KEY `usuario_id` (`usuario_id`),
  CONSTRAINT `datos_fiscales_ibfk_1` FOREIGN KEY (`usuario_id`) REFERENCES `usuarios` (`id`)
) ENGINE=InnoDB AUTO_INCREMENT=4 DEFAULT CHARSET=utf8mb4 COLLATE=utf8mb4_general_ci;
/*!40101 SET character_set_client = @saved_cs_client */;

--
-- Dumping data for table `datos_fiscales`
--

LOCK TABLES `datos_fiscales` WRITE;
/*!40000 ALTER TABLE `datos_fiscales` DISABLE KEYS */;
INSERT INTO `datos_fiscales` VALUES (1,1,'71895310R','Rebeca','Marqués de Pidal','33004','Oviedo','España','0000-00-00 00:00:00',NULL,NULL),(2,2,'71902382N','No verifactu','González Abarca 23','33401','Avilés','España','0000-00-00 00:00:00',NULL,'/uploads/logos/logo_2_1770814001201.jpg'),(3,4,'15845447B','EmpresaTest','C/de Prueba 7 1ºA','33001','Oviedo','España','0000-00-00 00:00:00',NULL,'/uploads/logos/logo_4.jpg');
/*!40000 ALTER TABLE `datos_fiscales` ENABLE KEYS */;
UNLOCK TABLES;

--
-- Table structure for table `factura_conceptos`
--

DROP TABLE IF EXISTS `factura_conceptos`;
/*!40101 SET @saved_cs_client     = @@character_set_client */;
/*!40101 SET character_set_client = utf8 */;
CREATE TABLE `factura_conceptos` (
  `id` bigint(20) NOT NULL AUTO_INCREMENT,
  `factura_id` bigint(20) NOT NULL,
  `descripcion` varchar(255) NOT NULL,
  `cantidad` decimal(10,2) NOT NULL,
  `precio_unitario` decimal(10,2) NOT NULL,
  `tipo_impositivo` decimal(5,2) NOT NULL,
  `tipo_impuesto` varchar(20) NOT NULL,
  `base` decimal(15,2) NOT NULL,
  `cuota` decimal(15,2) NOT NULL,
  PRIMARY KEY (`id`),
  KEY `factura_id` (`factura_id`),
  CONSTRAINT `factura_conceptos_ibfk_1` FOREIGN KEY (`factura_id`) REFERENCES `facturas` (`id`)
) ENGINE=InnoDB AUTO_INCREMENT=22 DEFAULT CHARSET=utf8mb4 COLLATE=utf8mb4_general_ci;
/*!40101 SET character_set_client = @saved_cs_client */;

--
-- Dumping data for table `factura_conceptos`
--

LOCK TABLES `factura_conceptos` WRITE;
/*!40000 ALTER TABLE `factura_conceptos` DISABLE KEYS */;
/*!40000 ALTER TABLE `factura_conceptos` ENABLE KEYS */;
UNLOCK TABLES;

--
-- Table structure for table `factura_impuestos`
--

DROP TABLE IF EXISTS `factura_impuestos`;
/*!40101 SET @saved_cs_client     = @@character_set_client */;
/*!40101 SET character_set_client = utf8 */;
CREATE TABLE `factura_impuestos` (
  `id` bigint(20) NOT NULL AUTO_INCREMENT,
  `factura_id` bigint(20) NOT NULL,
  `base_imponible` decimal(10,2) NOT NULL,
  `tipo_impositivo` decimal(5,2) NOT NULL,
  `cuota` decimal(10,2) NOT NULL,
  `tipo_impuesto` varchar(20) NOT NULL,
  PRIMARY KEY (`id`),
  KEY `factura_id` (`factura_id`),
  CONSTRAINT `factura_impuestos_ibfk_1` FOREIGN KEY (`factura_id`) REFERENCES `facturas` (`id`)
) ENGINE=InnoDB AUTO_INCREMENT=206 DEFAULT CHARSET=utf8mb4 COLLATE=utf8mb4_general_ci;
/*!40101 SET character_set_client = @saved_cs_client */;

--
-- Dumping data for table `factura_impuestos`
--

LOCK TABLES `factura_impuestos` WRITE;
/*!40000 ALTER TABLE `factura_impuestos` DISABLE KEYS */;
/*!40000 ALTER TABLE `factura_impuestos` ENABLE KEYS */;
UNLOCK TABLES;

--
-- Table structure for table `facturas`
--

DROP TABLE IF EXISTS `facturas`;
/*!40101 SET @saved_cs_client     = @@character_set_client */;
/*!40101 SET character_set_client = utf8 */;
CREATE TABLE `facturas` (
  `id` bigint(20) NOT NULL AUTO_INCREMENT,
  `usuario_id` bigint(20) NOT NULL,
  `registro_id` bigint(20) NOT NULL,
  `nif_receptor` varchar(9) NOT NULL,
  `numero_factura` varchar(50) NOT NULL,
  `fecha_expedicion` varchar(24) NOT NULL,
  `tipo_factura` enum('ORDINARIA','SIMPLIFICADA','RECTIFICATIVA','ANULACION') NOT NULL,
  `importe_total` decimal(12,2) NOT NULL,
  `factura_origen_id` bigint(20) DEFAULT NULL,
  `tipo_rectificacion` enum('SUSTITUCION','DIFERENCIAS') DEFAULT NULL,
  `estado` enum('ACTIVA','ANULADA','RECTIFICADA') NOT NULL DEFAULT 'ACTIVA',
  `ruta_pdf` varchar(255) DEFAULT NULL,
  `cliente_id` int(11) DEFAULT NULL,
  `pdf_generado_path` varchar(255) DEFAULT NULL,
  `xml_generado_path` varchar(255) DEFAULT NULL,
  PRIMARY KEY (`id`),
  KEY `usuario_id` (`usuario_id`),
  KEY `registro_id` (`registro_id`),
  KEY `fk_factura_origen` (`factura_origen_id`) USING BTREE,
  KEY `cliente_id` (`cliente_id`),
  CONSTRAINT `facturas_ibfk_1` FOREIGN KEY (`usuario_id`) REFERENCES `usuarios` (`id`),
  CONSTRAINT `facturas_ibfk_2` FOREIGN KEY (`registro_id`) REFERENCES `registros_facturacion` (`id`),
  CONSTRAINT `facturas_ibfk_3` FOREIGN KEY (`cliente_id`) REFERENCES `clientes` (`id`),
  CONSTRAINT `fk_factura_origen` FOREIGN KEY (`factura_origen_id`) REFERENCES `facturas` (`id`)
) ENGINE=InnoDB AUTO_INCREMENT=206 DEFAULT CHARSET=utf8mb4 COLLATE=utf8mb4_general_ci;
/*!40101 SET character_set_client = @saved_cs_client */;

--
-- Dumping data for table `facturas`
--

LOCK TABLES `facturas` WRITE;
/*!40000 ALTER TABLE `facturas` DISABLE KEYS */;
/*!40000 ALTER TABLE `facturas` ENABLE KEYS */;
UNLOCK TABLES;
/*!50003 SET @saved_cs_client      = @@character_set_client */ ;
/*!50003 SET @saved_cs_results     = @@character_set_results */ ;
/*!50003 SET @saved_col_connection = @@collation_connection */ ;
/*!50003 SET character_set_client  = utf8mb4 */ ;
/*!50003 SET character_set_results = utf8mb4 */ ;
/*!50003 SET collation_connection  = utf8mb4_unicode_ci */ ;
/*!50003 SET @saved_sql_mode       = @@sql_mode */ ;
/*!50003 SET sql_mode              = 'NO_ZERO_IN_DATE,NO_ZERO_DATE,NO_ENGINE_SUBSTITUTION' */ ;
DELIMITER ;;
/*!50003 CREATE*/ /*!50017 DEFINER=`root`@`localhost`*/ /*!50003 TRIGGER no_update_campos_criticos_facturas
BEFORE UPDATE ON facturas
FOR EACH ROW
BEGIN
  IF 
    NEW.registro_id <> OLD.registro_id OR
    NEW.numero_factura <> OLD.numero_factura OR
    NEW.factura_origen_id <> OLD.factura_origen_id OR
    NEW.tipo_factura <> OLD.tipo_factura OR
    NEW.importe_total <> OLD.importe_total
  THEN
    SIGNAL SQLSTATE '45000'
    SET MESSAGE_TEXT = 'No se permite modificar campos críticos de la factura.';
  END IF;
END */;;
DELIMITER ;
/*!50003 SET sql_mode              = @saved_sql_mode */ ;
/*!50003 SET character_set_client  = @saved_cs_client */ ;
/*!50003 SET character_set_results = @saved_cs_results */ ;
/*!50003 SET collation_connection  = @saved_col_connection */ ;
/*!50003 SET @saved_cs_client      = @@character_set_client */ ;
/*!50003 SET @saved_cs_results     = @@character_set_results */ ;
/*!50003 SET @saved_col_connection = @@collation_connection */ ;
/*!50003 SET character_set_client  = utf8mb4 */ ;
/*!50003 SET character_set_results = utf8mb4 */ ;
/*!50003 SET collation_connection  = utf8mb4_unicode_ci */ ;
/*!50003 SET @saved_sql_mode       = @@sql_mode */ ;
/*!50003 SET sql_mode              = 'NO_ZERO_IN_DATE,NO_ZERO_DATE,NO_ENGINE_SUBSTITUTION' */ ;
DELIMITER ;;
/*!50003 CREATE*/ /*!50017 DEFINER=`root`@`localhost`*/ /*!50003 TRIGGER no_delete_facturas
BEFORE DELETE ON facturas
FOR EACH ROW
BEGIN
  SIGNAL SQLSTATE '45000'
  SET MESSAGE_TEXT = 'No se permite borrar facturas. Solo pueden anularse.';
END */;;
DELIMITER ;
/*!50003 SET sql_mode              = @saved_sql_mode */ ;
/*!50003 SET character_set_client  = @saved_cs_client */ ;
/*!50003 SET character_set_results = @saved_cs_results */ ;
/*!50003 SET collation_connection  = @saved_col_connection */ ;

--
-- Table structure for table `log_eventos`
--

DROP TABLE IF EXISTS `log_eventos`;
/*!40101 SET @saved_cs_client     = @@character_set_client */;
/*!40101 SET character_set_client = utf8 */;
CREATE TABLE `log_eventos` (
  `id` bigint(20) NOT NULL AUTO_INCREMENT,
  `usuario_id` bigint(20) NOT NULL,
  `tipo_evento` varchar(50) NOT NULL,
  `descripcion` text DEFAULT NULL,
  `fecha_evento` varchar(24) NOT NULL,
  `hash_evento` char(255) NOT NULL,
  `hash_evento_anterior` char(255) NOT NULL,
  `num_evento` int(11) NOT NULL,
  PRIMARY KEY (`id`),
  KEY `usuario_id` (`usuario_id`),
  CONSTRAINT `log_eventos_ibfk_1` FOREIGN KEY (`usuario_id`) REFERENCES `usuarios` (`id`)
) ENGINE=InnoDB AUTO_INCREMENT=463 DEFAULT CHARSET=utf8mb4 COLLATE=utf8mb4_general_ci;
/*!40101 SET character_set_client = @saved_cs_client */;

--
-- Dumping data for table `log_eventos`
--

LOCK TABLES `log_eventos` WRITE;
/*!40000 ALTER TABLE `log_eventos` DISABLE KEYS */;
INSERT INTO `log_eventos` VALUES (98,2,'LOGIN_OK','Inicio de sesión correcto del usuario rebecamm2495@gmail.com','2026-01-30 11:07:41.9960','70ae52818107f14b51fec5fd071f04e1059f4258073c26a7bfe8ff2a043868c8','0000000000000000000000000000000000000000000000000000000000000000',1),(99,2,'FACTURA_IMPORTADA','Factura 2 IMPORTADA','2026-01-30 11:07:56.2970','b7fc40d7d2f53c1f34b1eba3341b91b27dab1e4636e192b303969d3dc76917ce','70ae52818107f14b51fec5fd071f04e1059f4258073c26a7bfe8ff2a043868c8',2),(100,2,'FACTURA_REGISTRADA','Factura 4 registrada','2026-01-30 11:08:49.3220','c188e194da44bfa23146e2a414a420aef490bde0748ad1184de19941af742972','b7fc40d7d2f53c1f34b1eba3341b91b27dab1e4636e192b303969d3dc76917ce',3),(101,2,'DESCARGA_PDF','Descarga de documento PDF sellado de la factura número 4','2026-01-30 11:08:51.9130','e3fcb949b355045a51d2dde1cdac6eba3d65f33864028837d3954bb00ac7c6c7','c188e194da44bfa23146e2a414a420aef490bde0748ad1184de19941af742972',4),(102,2,'FACTURA_REGISTRADA','Factura 4 registrada','2026-01-30 11:09:31.3180','4d3297fb4ca84346b4e60c8e36089c4c25a62538ab6b81671d00e09d11184b14','e3fcb949b355045a51d2dde1cdac6eba3d65f33864028837d3954bb00ac7c6c7',5),(103,2,'DESCARGA_PDF','Descarga de documento PDF sellado de la factura número 4','2026-01-30 11:09:33.3960','a39ed5e1850e76906e2aa8fb575db24b556a04a76c7072a4ea845da7fc232bbb','4d3297fb4ca84346b4e60c8e36089c4c25a62538ab6b81671d00e09d11184b14',6),(104,2,'FACTURA_RECTIFICADA','Factura 5 rectificada','2026-01-30 11:10:44.5910','67e0867a70b5a531001ef962a43bb5046e8b28a3919022b7d8d0a6be3e62217c','a39ed5e1850e76906e2aa8fb575db24b556a04a76c7072a4ea845da7fc232bbb',7),(105,2,'LOGIN_OK','Inicio de sesión correcto del usuario rebecamm2495@gmail.com','2026-02-03 07:09:43.6760','608d570e0ab5f869c850a1bdb254fc7cd31ea438ffc437065b4ed9e69a2cf621','67e0867a70b5a531001ef962a43bb5046e8b28a3919022b7d8d0a6be3e62217c',8),(106,2,'LOGIN_OK','Inicio de sesión correcto del usuario rebecamm2495@gmail.com','2026-02-03 07:10:25.4510','2bf64f69b07b6b77d1680541c7d815a8efca61ad136ed7a050ca3968729f4ff9','608d570e0ab5f869c850a1bdb254fc7cd31ea438ffc437065b4ed9e69a2cf621',9),(107,2,'FACTURA_REGISTRADA','Factura 6 registrada','2026-02-03 07:42:59.6590','9e83529bad1a4ba2af7a6885bc123b2c5ed7cbd3b103ebf83c10089df0a9875d','2bf64f69b07b6b77d1680541c7d815a8efca61ad136ed7a050ca3968729f4ff9',10),(108,2,'DESCARGA_PDF','Descarga de documento PDF sellado de la factura número 6','2026-02-03 07:43:03.9700','43a62a5e34ee16800c98cfeb8aa39e33bf9715aaad9138b707d87435c62e4590','9e83529bad1a4ba2af7a6885bc123b2c5ed7cbd3b103ebf83c10089df0a9875d',11),(109,2,'DESCARGA_PDF','Descarga de documento PDF sellado de la factura número 6','2026-02-03 07:47:10.4250','eb3418af9846ef6e74cbe34204e088921261131e28db5606e314c701538acc16','43a62a5e34ee16800c98cfeb8aa39e33bf9715aaad9138b707d87435c62e4590',12),(110,2,'FACTURA_REGISTRADA','Factura 7 registrada','2026-02-03 07:49:46.3870','237682cfc1be2df511e6f09ab6bc141a1391cfeec6d45dbabfa5688579cdcbe3','eb3418af9846ef6e74cbe34204e088921261131e28db5606e314c701538acc16',13),(111,2,'DESCARGA_PDF','Descarga de documento PDF sellado de la factura número 7','2026-02-03 07:49:50.0500','b0e775f70d89e5c4fb29fedafbf94280e6edcd034efc5c1965bce4a5b9511817','237682cfc1be2df511e6f09ab6bc141a1391cfeec6d45dbabfa5688579cdcbe3',14),(112,2,'DESCARGA_XML','Descarga de registro XML de la factura número 7','2026-02-03 07:50:10.0270','bd8ed825a019be828698bcd79aa44094a093363c1d4857ea19b61fcf4e480de5','b0e775f70d89e5c4fb29fedafbf94280e6edcd034efc5c1965bce4a5b9511817',15),(113,2,'FACTURA_REGISTRADA','Factura 8 registrada','2026-02-03 07:57:00.9590','a239fea571a4ec7eda5db0999fad5fd288ee362826ad3552000edeebb13f5024','bd8ed825a019be828698bcd79aa44094a093363c1d4857ea19b61fcf4e480de5',16),(114,2,'DESCARGA_PDF','Descarga de documento PDF sellado de la factura número 8','2026-02-03 07:57:03.1300','1727ceaf91e5345c666d5bdcaff30d53a921cb4b48ce0f58adb94b0df1f345ff','a239fea571a4ec7eda5db0999fad5fd288ee362826ad3552000edeebb13f5024',17),(115,2,'DESCARGA_PDF','Descarga de documento PDF sellado de la factura número 8','2026-02-03 08:39:58.1680','94e911ca3895346d635a5d51cb7fb876eb7ed6a009018616bc79941a34241545','1727ceaf91e5345c666d5bdcaff30d53a921cb4b48ce0f58adb94b0df1f345ff',18),(116,2,'DATOS_FISCALES_MODIFICADOS','Modificación de los datos fiscales del usuario 2','2026-02-03 08:57:01.5360','d55215b2dce416dc6d962275a2b2f68df989bf7900960d6addd79efcb3587da9','94e911ca3895346d635a5d51cb7fb876eb7ed6a009018616bc79941a34241545',19),(117,2,'DATOS_FISCALES_MODIFICADOS','Modificación de los datos fiscales del usuario 2','2026-02-03 09:21:48.9300','5d37d36aeffa6f8cf942572f0a135d8fefe35a74cac6bf13955f0779768efe7c','d55215b2dce416dc6d962275a2b2f68df989bf7900960d6addd79efcb3587da9',20),(118,2,'DESCARGA_PDF','Descarga de documento PDF sellado de la factura número 8','2026-02-03 09:21:58.7250','4e20a3a9386d278b1c131c000322f0a0b5842eddcc04c0eb56392b44c2e47e4d','5d37d36aeffa6f8cf942572f0a135d8fefe35a74cac6bf13955f0779768efe7c',21),(119,2,'DESCARGA_PDF','Descarga de documento PDF sellado de la factura número 8','2026-02-03 10:14:50.3810','ed0c0da5470ad3b5c9cc473bd8a57ac529e2cbcdd88aeb37854b34747255aa63','4e20a3a9386d278b1c131c000322f0a0b5842eddcc04c0eb56392b44c2e47e4d',22),(120,2,'FACTURA_RECTIFICADA','Factura 71 rectificada','2026-02-03 10:22:59.1780','de602c7f07ea0be166d2d7f7acdbf4e893f872215fc4511c47cee35b18a68e37','ed0c0da5470ad3b5c9cc473bd8a57ac529e2cbcdd88aeb37854b34747255aa63',23),(121,2,'FACTURA_IMPORTADA','Factura 2 IMPORTADA','2026-02-03 10:23:22.1870','f79c0ac0b6ce43887c12b75f9be7f4552d36b9ab2b4b6f2223dbc64f04dbe2a1','de602c7f07ea0be166d2d7f7acdbf4e893f872215fc4511c47cee35b18a68e37',24),(122,2,'FACTURA_IMPORTADA','Factura 2 IMPORTADA','2026-02-03 10:24:26.4460','36b2806d2d172bcf8cec82d50081b105a97d80d530b73bd7721db727db3ea711','f79c0ac0b6ce43887c12b75f9be7f4552d36b9ab2b4b6f2223dbc64f04dbe2a1',25),(123,2,'FACTURA_IMPORTADA','Factura 2 IMPORTADA','2026-02-03 10:29:29.0570','88854711785ac4defff508d0290c1d4d194da5a7677144bcff61c884b1c88d39','36b2806d2d172bcf8cec82d50081b105a97d80d530b73bd7721db727db3ea711',26),(124,2,'FACTURA_IMPORTADA','Factura 2 IMPORTADA','2026-02-03 10:35:25.5880','a33cd221176ee159b5d7add0c94dbbcfe544f0b27c4e4fb3f484d1bc545bb8fc','88854711785ac4defff508d0290c1d4d194da5a7677144bcff61c884b1c88d39',27),(125,2,'FACTURA_IMPORTADA','Factura 2 IMPORTADA','2026-02-03 10:42:21.6250','06c52e70243ae9d8209aa8e313164a92412c33a2e82478166d59ee7cbaaa3a3b','a33cd221176ee159b5d7add0c94dbbcfe544f0b27c4e4fb3f484d1bc545bb8fc',28),(126,2,'FACTURA_IMPORTADA','Factura 2 IMPORTADA','2026-02-03 10:47:34.7670','3e85cb94a2ebb14af8c581105b5ec8ca9411eb133552f745e4125ad4254638c3','06c52e70243ae9d8209aa8e313164a92412c33a2e82478166d59ee7cbaaa3a3b',29),(127,2,'FACTURA_IMPORTADA','Factura 2 IMPORTADA','2026-02-03 10:47:45.2340','e6af814c6a705daf83933e9e6dda014a7f39f221606796f267c1589b76a8301e','3e85cb94a2ebb14af8c581105b5ec8ca9411eb133552f745e4125ad4254638c3',30),(128,2,'FACTURA_IMPORTADA','Factura 2 IMPORTADA','2026-02-03 10:49:54.6550','5d57c66f1b3e8554f930dfded6468980fe469a0c3d0ca0b29a3c6f6c5bbe2402','e6af814c6a705daf83933e9e6dda014a7f39f221606796f267c1589b76a8301e',31),(129,2,'FACTURA_IMPORTADA','Factura 2 IMPORTADA','2026-02-03 10:50:01.7220','35fd87a26017ab771d163700d58b43491c97502702d0fec182123c99bdd58199','5d57c66f1b3e8554f930dfded6468980fe469a0c3d0ca0b29a3c6f6c5bbe2402',32),(130,2,'FACTURA_IMPORTADA','Factura 2 IMPORTADA','2026-02-03 10:50:55.6810','1448bdc4703921becf1d3938f81e853371876568b69b13f371f6a921d602141f','35fd87a26017ab771d163700d58b43491c97502702d0fec182123c99bdd58199',33),(131,2,'FACTURA_IMPORTADA','Factura 2 IMPORTADA','2026-02-03 10:53:17.5070','a11f1e938f5c3bbaa5bb717b92b6170abba909ded63f4018189d369f12f954f3','1448bdc4703921becf1d3938f81e853371876568b69b13f371f6a921d602141f',34),(132,2,'FACTURA_IMPORTADA','Factura 2 IMPORTADA','2026-02-03 10:53:48.4800','8ebd316fc5fb5d84c1c9242cd283cca47d5441252608a07d9acb251af36993c1','a11f1e938f5c3bbaa5bb717b92b6170abba909ded63f4018189d369f12f954f3',35),(133,2,'FACTURA_IMPORTADA','Factura 2 IMPORTADA','2026-02-03 10:54:23.3690','538e50b559fb865827b8f7c5fe28a37e2073f3c816f93f76a04e8a5d7e75a43b','8ebd316fc5fb5d84c1c9242cd283cca47d5441252608a07d9acb251af36993c1',36),(134,2,'FACTURA_IMPORTADA','Factura 2 IMPORTADA','2026-02-03 10:54:50.1930','35d072b53a57af063e7b878b8c52904c99355692cb6cd02aec8015b2b66d4656','538e50b559fb865827b8f7c5fe28a37e2073f3c816f93f76a04e8a5d7e75a43b',37),(135,2,'FACTURA_ANULADA','Factura 2 anulada','2026-02-03 11:22:52.6040','0a1b0051c6f3527adbfb5f06c84657fa61dcf08544a97f9a55f4d14aaa115446','35d072b53a57af063e7b878b8c52904c99355692cb6cd02aec8015b2b66d4656',38),(136,2,'CAMBIO_ESTADO_SUSCRIPCION','Estado cambiado a VENCIDA','2026-02-03 11:45:50.7910','275211ccd9335825a2c0a1d9835147e187097b45be488c0efeb28c798237ce7d','0a1b0051c6f3527adbfb5f06c84657fa61dcf08544a97f9a55f4d14aaa115446',39),(137,2,'LOGIN_OK','Inicio de sesión correcto del usuario rebecamm2495@gmail.com','2026-02-03 11:47:14.7710','87b4bba5b47674915dcb5d634184d7c4e6cdfbd288f956655068639b6d4dd128','275211ccd9335825a2c0a1d9835147e187097b45be488c0efeb28c798237ce7d',40),(138,2,'LOGIN_OK','Inicio de sesión correcto del usuario rebecamm2495@gmail.com','2026-02-03 11:58:54.3920','f6718ea6d68cf8f00ff07e2f5eda75d1a0fa79d302970fd75202b9e23e142ce3','87b4bba5b47674915dcb5d634184d7c4e6cdfbd288f956655068639b6d4dd128',41),(139,2,'CAMBIO_ESTADO_SUSCRIPCION','Estado cambiado a ACTIVA','2026-02-03 12:10:58.8250','734fbf404c6d179f6ed1cb9571862f47c9db3177e13d1fcd7749f27d2f354c99','f6718ea6d68cf8f00ff07e2f5eda75d1a0fa79d302970fd75202b9e23e142ce3',42),(140,2,'DESCARGA_XML','Descarga de registro XML de la factura número 7','2026-02-03 12:28:05.2120','f329b92179f19b80d17ea57c1f9e9a15c1edd28b40dc4d0d509c94081380cd12','734fbf404c6d179f6ed1cb9571862f47c9db3177e13d1fcd7749f27d2f354c99',43),(141,2,'DATOS_FISCALES_MODIFICADOS','Modificación de los datos fiscales del usuario 2','2026-02-03 12:39:41.3730','45dcdf569c00e0199b1407ce92955b16e2f7fcac7070c1182cd31d988d5010d0','f329b92179f19b80d17ea57c1f9e9a15c1edd28b40dc4d0d509c94081380cd12',44),(142,2,'DATOS_FISCALES_MODIFICADOS','Modificación de los datos fiscales del usuario 2','2026-02-03 12:40:54.3240','fbdcf4e6758b9f75e39ab4da1cc29adc15f9a71ed2c2645fb500ce6139d9fd07','45dcdf569c00e0199b1407ce92955b16e2f7fcac7070c1182cd31d988d5010d0',45),(143,2,'DATOS_FISCALES_MODIFICADOS','Modificación de los datos fiscales del usuario 2','2026-02-03 12:41:00.4720','79eda9afd9f3d46736138f1b19148ce41e86e3edbe70cc21742a45848390b3f2','fbdcf4e6758b9f75e39ab4da1cc29adc15f9a71ed2c2645fb500ce6139d9fd07',46),(144,2,'DATOS_FISCALES_MODIFICADOS','Modificación de los datos fiscales del usuario 2','2026-02-03 12:45:31.2680','1400ffd50a16376b75c103b4382e576e303314fa98b68770adc1e22bc023d93d','79eda9afd9f3d46736138f1b19148ce41e86e3edbe70cc21742a45848390b3f2',47),(145,2,'CAMBIO_ESTADO_SUSCRIPCION','Estado cambiado a ACTIVA','2026-02-03 13:19:50.0550','d06476a9ea0642df154cc52e61989c1300e9c7e30a8e04fe3498562eddf1fcc3','1400ffd50a16376b75c103b4382e576e303314fa98b68770adc1e22bc023d93d',48),(146,2,'CAMBIO_ESTADO_SUSCRIPCION','Estado cambiado a VENCIDA','2026-02-03 13:19:50.8290','d726041037665b9447212692bd2777ed6f000666cdda3277e61c92054a565a30','d06476a9ea0642df154cc52e61989c1300e9c7e30a8e04fe3498562eddf1fcc3',49),(147,2,'CAMBIO_ESTADO_SUSCRIPCION','Estado cambiado a PENDIENTE','2026-02-03 13:19:51.6240','23478140422bbca20cfc2cb07b125a01c378604059a34e457a0b62f51caa267e','d726041037665b9447212692bd2777ed6f000666cdda3277e61c92054a565a30',50),(148,2,'CAMBIO_ESTADO_SUSCRIPCION','Estado cambiado a ACTIVA','2026-02-03 13:19:52.6640','4f112c0d66b6aea6694fc24a8427061fb3be4e7ab9dc1adab4d5923ed9d478cb','23478140422bbca20cfc2cb07b125a01c378604059a34e457a0b62f51caa267e',51),(149,2,'CAMBIO_SUSCRIPCION','Cambio de la suscripción del usuario 2','2026-02-03 13:19:56.1020','c4dee4df0366838233a4184d3d5c7f8a2daf321f1e184540eb7f1b34da881976','4f112c0d66b6aea6694fc24a8427061fb3be4e7ab9dc1adab4d5923ed9d478cb',52),(150,2,'CAMBIO_SUSCRIPCION','Cambio de la suscripción del usuario 2','2026-02-03 13:19:57.1930','c2e3326b493bb6dd6313178ee3cc6482f77ccc6ea7edde63f2beac8fafa1c2ae','c4dee4df0366838233a4184d3d5c7f8a2daf321f1e184540eb7f1b34da881976',53),(151,2,'CAMBIO_SUSCRIPCION','Cambio de la suscripción del usuario 2','2026-02-03 13:19:57.9650','2f92c43b0ad5b15913cd3199933bde3a1d872871fb4786728649d63a06f61831','c2e3326b493bb6dd6313178ee3cc6482f77ccc6ea7edde63f2beac8fafa1c2ae',54),(152,2,'CAMBIO_SUSCRIPCION','Cambio de la suscripción del usuario 2','2026-02-03 13:20:00.1140','bb0db840020bdb7a09876a5fbb0d8a1a34994ca7d5c4effce988f75ee36b85d7','2f92c43b0ad5b15913cd3199933bde3a1d872871fb4786728649d63a06f61831',55),(153,2,'FACTURA_REGISTRADA','Factura 10 registrada','2026-02-03 13:21:05.4010','3b770a7bb73344e8357facd4ead9afc82928b08a935043444bf630440ef7ba86','bb0db840020bdb7a09876a5fbb0d8a1a34994ca7d5c4effce988f75ee36b85d7',56),(154,2,'DESCARGA_PDF','Descarga de documento PDF sellado de la factura número 10','2026-02-03 13:21:09.1410','9b160384b6e42df954e113957614f04fa18f6b36ee2ff75e27aea2304613ed06','3b770a7bb73344e8357facd4ead9afc82928b08a935043444bf630440ef7ba86',57),(155,2,'FACTURA_ANULADA','Factura 2 anulada','2026-02-03 13:21:50.6930','da97a0f4bb2cd1e35278ccf1ef234bc1c94951e4376b5e70c22e159eaa7aefcf','9b160384b6e42df954e113957614f04fa18f6b36ee2ff75e27aea2304613ed06',58),(156,2,'FACTURA_RECTIFICADA','Factura 61 rectificada','2026-02-03 13:27:03.3600','77a9767301acd34eac7bbf9de73133acef5804cd27944e4d0e277a4815edf97c','da97a0f4bb2cd1e35278ccf1ef234bc1c94951e4376b5e70c22e159eaa7aefcf',59),(157,3,'REGISTRO DE USUARIO','Registro del usuario con email:  pruebas@noverifactu.local','2026-02-03 13:27:42.1710','2ad795ff31a7d5ff83d80252e38b7ccc967a29b00b51ce19ae8071f2277a62c2','0000000000000000000000000000000000000000000000000000000000000000',1),(158,2,'LOGIN_OK','Inicio de sesión correcto del usuario rebecamm2495@gmail.com','2026-02-03 13:28:35.6740','2da1eba94b3d39e205e50299a043aa4d34642c1ec9ac095f0d77178677591d6d','77a9767301acd34eac7bbf9de73133acef5804cd27944e4d0e277a4815edf97c',60),(159,2,'CAMBIO_ESTADO_SUSCRIPCION','Estado cambiado a PENDIENTE','2026-02-03 13:29:03.9090','4c3cd0f392abdb265127c8e2ff1824e6ff217f2c97927ac23528997d9b767c27','2da1eba94b3d39e205e50299a043aa4d34642c1ec9ac095f0d77178677591d6d',61),(160,2,'CAMBIO_ESTADO_SUSCRIPCION','Estado cambiado a VENCIDA','2026-02-03 13:29:05.7040','4377f1d79df7aed686186854c33c83a36212bdb9aeb8d5c079556a3e0c909220','4c3cd0f392abdb265127c8e2ff1824e6ff217f2c97927ac23528997d9b767c27',62),(161,2,'CAMBIO_ESTADO_SUSCRIPCION','Estado cambiado a ACTIVA','2026-02-03 13:29:15.8960','94e69c3177abb6a6a615840b8d01c911f28ba9d34595e7ec68e87cfe408fe7a7','4377f1d79df7aed686186854c33c83a36212bdb9aeb8d5c079556a3e0c909220',63),(162,2,'CAMBIO_SUSCRIPCION','Cambio de la suscripción del usuario 2','2026-02-03 13:29:19.3400','b6f01028386e1f496dfdbeaaee49d1abb8b166db6f62ecd5f7fde227a414a7ca','94e69c3177abb6a6a615840b8d01c911f28ba9d34595e7ec68e87cfe408fe7a7',64),(163,2,'CAMBIO_SUSCRIPCION','Cambio de la suscripción del usuario 2','2026-02-03 13:29:20.8700','e15d7fedd9ac993f5cceacd70042c7add1ae12e782a8d4dd94c829ba20106908','b6f01028386e1f496dfdbeaaee49d1abb8b166db6f62ecd5f7fde227a414a7ca',65),(164,2,'CAMBIO_SUSCRIPCION','Cambio de la suscripción del usuario 2','2026-02-03 13:29:25.5200','e9c9f3051c78f65a107f297896655311760723329cf905b49cb9981ce189c0bb','e15d7fedd9ac993f5cceacd70042c7add1ae12e782a8d4dd94c829ba20106908',66),(165,2,'CAMBIO_SUSCRIPCION','Cambio de la suscripción del usuario 2','2026-02-03 13:29:26.2640','4f25e1d1c7ba08bcae90fe4e83417512930073b44651fc4def07dbaec1f962af','e9c9f3051c78f65a107f297896655311760723329cf905b49cb9981ce189c0bb',67),(166,2,'FACTURA_IMPORTADA','Factura 4 IMPORTADA','2026-02-03 13:29:54.9240','200f6ed59c7380903910489bccd43e2646118b15fa93e6f7fe52ff26f7ed405f','4f25e1d1c7ba08bcae90fe4e83417512930073b44651fc4def07dbaec1f962af',68),(167,2,'DESCARGA_PDF','Descarga de documento PDF sellado de la factura número 61','2026-02-03 13:31:37.5990','78a830b345f1d88b0b4ccf978bd5ad27705111d0213c39d9f74e5f61f90fe03b','200f6ed59c7380903910489bccd43e2646118b15fa93e6f7fe52ff26f7ed405f',69),(168,2,'DESCARGA_XML','Descarga de registro XML de la factura número 61','2026-02-03 13:31:44.1490','2870f4f3720bfc3f4c2fcf279cae5aa27db5ebd27f2328bd4ad17abb95a771a5','78a830b345f1d88b0b4ccf978bd5ad27705111d0213c39d9f74e5f61f90fe03b',70),(169,2,'DATOS_FISCALES_MODIFICADOS','Modificación de los datos fiscales del usuario 2','2026-02-03 13:43:47.1360','1d319db5f04cfe2a7eb3b63ccc5ebddc15582d4120225271af4e652f06bb098c','2870f4f3720bfc3f4c2fcf279cae5aa27db5ebd27f2328bd4ad17abb95a771a5',71),(170,2,'DATOS_FISCALES_MODIFICADOS','Modificación de los datos fiscales del usuario 2','2026-02-03 13:48:39.4030','e598c69b21cb1d35bbb04a80a02663b8a72733a50f718a1e337bda454ca704e0','1d319db5f04cfe2a7eb3b63ccc5ebddc15582d4120225271af4e652f06bb098c',72),(171,2,'FACTURA_RECTIFICADA','Factura 8-R1 rectificada','2026-02-03 14:05:09.6570','5f69cb4f283934775c7ea2745291cdd367a7a3a4dab82e0a311caae87f8a4ffb','e598c69b21cb1d35bbb04a80a02663b8a72733a50f718a1e337bda454ca704e0',73),(172,2,'DESCARGA_XML','Descarga de registro XML de la factura número 2','2026-02-03 14:09:52.9460','889ff4620546258ff35cfed0c7aae4db707b04582a8370edf0e8e962124e6659','5f69cb4f283934775c7ea2745291cdd367a7a3a4dab82e0a311caae87f8a4ffb',74),(173,2,'DESCARGA_XML','Descarga de registro XML de la factura número 4','2026-02-03 14:09:54.6640','876bc0f143237e3cd0470e5f92719e524453f54cef675dc76806bfc85241719a','889ff4620546258ff35cfed0c7aae4db707b04582a8370edf0e8e962124e6659',75),(174,2,'DESCARGA_XML','Descarga de registro XML de la factura número 4','2026-02-03 14:09:55.9260','5cb1efbe7b67782b00b8affe2fe5ca9a8195a85c344a9199d18052f73ccfcea0','876bc0f143237e3cd0470e5f92719e524453f54cef675dc76806bfc85241719a',76),(175,2,'DESCARGA_XML','Descarga de registro XML de la factura número 4','2026-02-03 14:09:56.7480','8f6574f16663c3452ff06e82868c43674cf734eb724040be7073a8371ac64208','5cb1efbe7b67782b00b8affe2fe5ca9a8195a85c344a9199d18052f73ccfcea0',77),(176,2,'DESCARGA_XML','Descarga de registro XML de la factura número 5','2026-02-03 14:09:57.3590','3d5b09d469e9d94781a11357eceb362b4b5de84d4dca966827a25075ffa7cb3e','8f6574f16663c3452ff06e82868c43674cf734eb724040be7073a8371ac64208',78),(177,2,'DESCARGA_XML','Descarga de registro XML de la factura número 6','2026-02-03 14:09:57.9520','a50a89f91b88796bc392a8061f1e0101efb6768e013a56913cbc4dd180f16aaf','3d5b09d469e9d94781a11357eceb362b4b5de84d4dca966827a25075ffa7cb3e',79),(178,2,'DESCARGA_XML','Descarga de registro XML de la factura número 7','2026-02-03 14:09:59.3880','b43cc4ba8f8c7b20693464acb509cc0ef23c15a713d98b76df2b08a45061b8ee','a50a89f91b88796bc392a8061f1e0101efb6768e013a56913cbc4dd180f16aaf',80),(179,2,'DESCARGA_XML','Descarga de registro XML de la factura número 8','2026-02-03 14:09:59.9630','804b5dda479e4b82ee1d9d100a465d3a3738b5505d2c7c53212e69ae11dc8fda','b43cc4ba8f8c7b20693464acb509cc0ef23c15a713d98b76df2b08a45061b8ee',81),(180,2,'DESCARGA_XML','Descarga de registro XML de la factura número 71','2026-02-03 14:10:00.6000','9482f609061bf51f0319e9c9625a2b2f387405c6fd23ce495b5169ae18f19032','804b5dda479e4b82ee1d9d100a465d3a3738b5505d2c7c53212e69ae11dc8fda',82),(181,2,'DESCARGA_XML','Descarga de registro XML de la factura número 61','2026-02-03 14:10:01.2820','3486f34106d711c3fd8ba9fa4d21da60621c914501573481bd1ef1a47adde050','9482f609061bf51f0319e9c9625a2b2f387405c6fd23ce495b5169ae18f19032',83),(182,2,'DESCARGA_XML','Descarga de registro XML de la factura número 8-R1','2026-02-03 14:10:01.9280','bba0cfaf2347b998d43d4ff8cf39c70fba4595643383dafd42c1899979c42d97','3486f34106d711c3fd8ba9fa4d21da60621c914501573481bd1ef1a47adde050',84),(183,2,'DESCARGA_XML','Descarga de registro XML de la factura número 4','2026-02-03 14:38:44.4020','297903877d7ed3f3524f05318ba1ee6c79632bb3039cecf82425512a2449e251','bba0cfaf2347b998d43d4ff8cf39c70fba4595643383dafd42c1899979c42d97',85),(184,2,'DESCARGA_XML','Descarga de registro XML de la factura número 5','2026-02-03 14:38:48.5310','93af8959f97607bcd1480fdf66fcff18a86316b8629108f844d0ae902cd9a308','297903877d7ed3f3524f05318ba1ee6c79632bb3039cecf82425512a2449e251',86),(185,2,'CAMBIO_ESTADO_SUSCRIPCION','Estado cambiado a VENCIDA','2026-02-03 14:46:31.7700','86b3ad223f8fd005abf3692a5f091b088b23354ada7a50e8fbef692e4faebda7','93af8959f97607bcd1480fdf66fcff18a86316b8629108f844d0ae902cd9a308',87),(186,2,'CAMBIO_ESTADO_SUSCRIPCION','Estado cambiado a VENCIDA','2026-02-03 15:15:48.0890','0f44fc8577b298dec0c8b60bb4b2e3138abfd418ca6392d56ccd3a9bbe236ff5','86b3ad223f8fd005abf3692a5f091b088b23354ada7a50e8fbef692e4faebda7',88),(187,2,'CAMBIO_ESTADO_SUSCRIPCION','Estado cambiado a ACTIVA','2026-02-03 15:15:48.7550','b6eba7d49904e9a4dbd20a33c3853a7a651074b9f3313f1e852cd2b2ad033c54','0f44fc8577b298dec0c8b60bb4b2e3138abfd418ca6392d56ccd3a9bbe236ff5',89),(188,2,'CAMBIO_ESTADO_SUSCRIPCION','Estado cambiado a VENCIDA','2026-02-03 15:15:49.4370','6575b26240f099a1eda6d111a09216081ed80906e32df513f99001e8aecb1694','b6eba7d49904e9a4dbd20a33c3853a7a651074b9f3313f1e852cd2b2ad033c54',90),(189,2,'CAMBIO_SUSCRIPCION','Cambio de la suscripción del usuario 2','2026-02-03 15:16:36.2600','af848f15814b056c91d210e5ec9ba7059a83a7691de151884211ffd8748b83c1','6575b26240f099a1eda6d111a09216081ed80906e32df513f99001e8aecb1694',91),(190,2,'CAMBIO_ESTADO_SUSCRIPCION','Estado cambiado a ACTIVA','2026-02-03 15:20:57.2940','8af74df57e3f3e043ef3bdd3dd1cdd0bed83ad4f79de823c193ad921692b1da0','af848f15814b056c91d210e5ec9ba7059a83a7691de151884211ffd8748b83c1',92),(191,2,'LOGIN_OK','Inicio de sesión correcto del usuario rebecamm2495@gmail.com','2026-02-04 07:23:53.4120','31fec7a76020b8570946f2537e4b978ceecd167eb3089bcaffe88e845c193b29','8af74df57e3f3e043ef3bdd3dd1cdd0bed83ad4f79de823c193ad921692b1da0',93),(192,2,'LOGIN_OK','Inicio de sesión correcto del usuario rebecamm2495@gmail.com','2026-02-04 08:04:51.2680','02eab051afa2dd4a67c8e0f31ad62b7dee60d1f1ce67958292cd564d860ccae7','31fec7a76020b8570946f2537e4b978ceecd167eb3089bcaffe88e845c193b29',94),(193,2,'INTENTO_ACTIVAR_2FA','Inicio del proceso de activación de 2FA','2026-02-04 08:11:04.0570','4c9742f0ff6290ea48b6626ae04d58be7fa104689d1c3d31e383545fb8dd81f1','02eab051afa2dd4a67c8e0f31ad62b7dee60d1f1ce67958292cd564d860ccae7',95),(194,2,'LOGIN_OK','Inicio de sesión correcto del usuario rebecamm2495@gmail.com','2026-02-04 08:29:57.7850','7f40c8ed62b6e12aedd83677c6f7f00254b3c4032d00d31ac76cc1032b23efa1','4c9742f0ff6290ea48b6626ae04d58be7fa104689d1c3d31e383545fb8dd81f1',96),(195,2,'INTENTO_ACTIVAR_2FA','Inicio del proceso de activación de 2FA','2026-02-04 08:30:00.5220','dbb72fdee4789e73806076276847018900e7ec3ead45a89d3f3eb40a8717070b','7f40c8ed62b6e12aedd83677c6f7f00254b3c4032d00d31ac76cc1032b23efa1',97),(196,2,'LOGIN_OK','Inicio de sesión correcto del usuario rebecamm2495@gmail.com','2026-02-04 08:34:41.4480','d66e0f10a570367ad8f40fadc7264652305e149131db0d9a94aabfcde9c3fd02','dbb72fdee4789e73806076276847018900e7ec3ead45a89d3f3eb40a8717070b',98),(197,2,'INTENTO_ACTIVAR_2FA','Inicio del proceso de activación de 2FA','2026-02-04 08:34:43.6100','19b6c5262afc5505f243ec8298cd8d80da4fa84908c1175cde67e9ece3d1f6a2','d66e0f10a570367ad8f40fadc7264652305e149131db0d9a94aabfcde9c3fd02',99),(198,2,'ACTIVAR_2FA','Autenticación en dos factores activada','2026-02-04 08:36:11.6620','22e34e2ba3dff5cd7c52f64d91c56d5cc633f50e5e1c7fd81b3249af548fe0f4','19b6c5262afc5505f243ec8298cd8d80da4fa84908c1175cde67e9ece3d1f6a2',100),(199,2,'LOGIN_OK','Inicio de sesión correcto del usuario rebecamm2495@gmail.com','2026-02-04 08:36:27.8860','55a1b6645b42853e7526a79ac86dbc4abc17619f1c4347a633bc7e48a832666a','22e34e2ba3dff5cd7c52f64d91c56d5cc633f50e5e1c7fd81b3249af548fe0f4',101),(200,2,'LOGIN_OK','Inicio de sesión correcto del usuario rebecamm2495@gmail.com','2026-02-04 08:50:30.4120','0ef30255a08a0f40384a070df9d7b3bac51452190d8dd80edf0d58c301dd13ec','55a1b6645b42853e7526a79ac86dbc4abc17619f1c4347a633bc7e48a832666a',102),(201,2,'LOGIN_OK','Inicio de sesión correcto del usuario rebecamm2495@gmail.com','2026-02-04 08:52:28.2840','a6c275c84e70ee9e5ad5b59ef5905764c3dd767c872f62c0042947b1a5149946','0ef30255a08a0f40384a070df9d7b3bac51452190d8dd80edf0d58c301dd13ec',103),(202,2,'LOGIN_OK','Inicio de sesión correcto del usuario rebecamm2495@gmail.com','2026-02-04 08:58:28.3180','92df59aea1190b42485316d181238802784ae4d9eb1b414e94fb5141cb23557f','a6c275c84e70ee9e5ad5b59ef5905764c3dd767c872f62c0042947b1a5149946',104),(203,2,'LOGIN_OK','Inicio de sesión correcto del usuario rebecamm2495@gmail.com','2026-02-04 09:06:54.8780','8844a73d1707a9e74c40327c9f63b7cac40ff4b05a4eb7bee41a47b97a39b81c','92df59aea1190b42485316d181238802784ae4d9eb1b414e94fb5141cb23557f',105),(204,2,'LOGIN_2FA_REQUERIDO','Credenciales correctas, se requiere 2FA','2026-02-04 09:14:53.7890','244961e2bd86dda8cd105edd3a15b2d4da2846d6a6ab4674b2b745c8daf909f0','8844a73d1707a9e74c40327c9f63b7cac40ff4b05a4eb7bee41a47b97a39b81c',106),(205,2,'LOGIN_2FA_OK','Login completado correctamente con 2FA','2026-02-04 09:15:09.7360','fa411337c888e0d218d0d2fd0a986d67e46b915fc77f6bd2106e7d09238a29da','244961e2bd86dda8cd105edd3a15b2d4da2846d6a6ab4674b2b745c8daf909f0',107),(206,2,'FALLO_LOGIN_2FA','Código 2FA incorrecto en login','2026-02-04 09:22:17.2460','c075ab2d85d831e7c91e46c4010ba151ded7a30023fdf63098e8d16e7bb181da','fa411337c888e0d218d0d2fd0a986d67e46b915fc77f6bd2106e7d09238a29da',108),(207,2,'LOGIN_2FA_OK','Login completado correctamente con 2FA','2026-02-04 09:22:28.0620','0545c8455fd8372cdae77d858e6311a0153344a4f8b96140cfc10e08209ccdb4','c075ab2d85d831e7c91e46c4010ba151ded7a30023fdf63098e8d16e7bb181da',109),(208,2,'LOGIN_2FA_OK','Login con 2FA correcto','2026-02-04 09:22:44.6100','0e0a8a74683cd779ff5b9901811462ca0c5ad598b781f8da05418e6e15fa6fb1','0545c8455fd8372cdae77d858e6311a0153344a4f8b96140cfc10e08209ccdb4',110),(209,2,'LOGIN_2FA_REQUERIDO','Credenciales correctas, se requiere 2FA','2026-02-04 13:36:21.9640','3c589a6b1edd83a1974a111812bfea683fd9ce4994eef61f8405a646731faec9','0e0a8a74683cd779ff5b9901811462ca0c5ad598b781f8da05418e6e15fa6fb1',111),(210,2,'LOGIN_2FA_OK','Login con 2FA correcto','2026-02-04 13:36:39.8280','3dfb4dc3c33f2484ba07789e6a8058fb00a40564c4987625501fd5ac079426d2','3c589a6b1edd83a1974a111812bfea683fd9ce4994eef61f8405a646731faec9',112),(211,2,'CAMBIO_ESTADO_SUSCRIPCION','Estado cambiado a VENCIDA','2026-02-04 13:37:18.8720','f4282fca3bb34ae7399dd49f62e741c774c22c132a45fdbf75df2df6f3cdf7f7','3dfb4dc3c33f2484ba07789e6a8058fb00a40564c4987625501fd5ac079426d2',113),(212,2,'CAMBIO_ESTADO_SUSCRIPCION','Estado cambiado a ACTIVA','2026-02-04 13:37:26.0980','8a95367c6d11247d5e81be80a44f442af5f4b821d11575dd087c5509fd3d8618','f4282fca3bb34ae7399dd49f62e741c774c22c132a45fdbf75df2df6f3cdf7f7',114),(213,2,'CAMBIO_SUSCRIPCION','Cambio de la suscripción del usuario 2','2026-02-04 13:37:28.5440','f8ca59bd65fa689457f504bc0e7191f5f430e63878ede477d6d6d28b4e0d56e5','8a95367c6d11247d5e81be80a44f442af5f4b821d11575dd087c5509fd3d8618',115),(214,2,'FACTURA_REGISTRADA','Factura 9 registrada','2026-02-04 14:55:20.2190','2921c0b5a6e7140a9e7336ae1370935e18346a8415cbd76a50be1157b5717bc7','f8ca59bd65fa689457f504bc0e7191f5f430e63878ede477d6d6d28b4e0d56e5',116),(215,2,'DESCARGA_PDF','Generación y almacenamiento del PDF de la factura 9','2026-02-04 15:02:46.1770','7cfcc4ea52023121f91766413b19287c00f2027de384fc1bfbd0f7a8c9950e40','2921c0b5a6e7140a9e7336ae1370935e18346a8415cbd76a50be1157b5717bc7',117),(216,2,'LOGIN_2FA_REQUERIDO','Credenciales correctas, se requiere 2FA','2026-02-05 07:14:15.8160','e93cc7843c9db3a670f874087b8a2b88b9ba412bca94570040139426fd87fabc','7cfcc4ea52023121f91766413b19287c00f2027de384fc1bfbd0f7a8c9950e40',118),(217,2,'LOGIN_2FA_OK','Login con 2FA correcto','2026-02-05 07:14:25.7830','e9ea970c6dad1e5ada932cca7c1f1e7bd781b9f1026eef94ff7bf78e4c8af602','e93cc7843c9db3a670f874087b8a2b88b9ba412bca94570040139426fd87fabc',119),(218,2,'DATOS_FISCALES_MODIFICADOS','Modificación de los datos fiscales del usuario 2','2026-02-05 07:17:24.7760','f971d0bfe401acbf9b70e69cda54aaf4e1723960f32a5d8d333dbc0882477030','e9ea970c6dad1e5ada932cca7c1f1e7bd781b9f1026eef94ff7bf78e4c8af602',120),(219,2,'LOGIN_2FA_REQUERIDO','Credenciales correctas, se requiere 2FA','2026-02-05 07:18:51.2610','999bde68db4afc00beb277641b9b4d32c5176b37f77e5a62d5358c26c7f1a859','f971d0bfe401acbf9b70e69cda54aaf4e1723960f32a5d8d333dbc0882477030',121),(220,2,'LOGIN_2FA_OK','Login con 2FA correcto','2026-02-05 07:18:58.8460','7ff1a6200594fa30c753732f15906b1fdda8faece9e99d953ee2a276218a3f6e','999bde68db4afc00beb277641b9b4d32c5176b37f77e5a62d5358c26c7f1a859',122),(221,2,'FACTURA_IMPORTADA','Factura 2 IMPORTADA','2026-02-05 07:20:22.2250','1c27de09385f7269e9a03e6bfae89026cb91e6fa3fbec59123dfd184714c0c98','7ff1a6200594fa30c753732f15906b1fdda8faece9e99d953ee2a276218a3f6e',123),(222,2,'FACTURA_IMPORTADA','Factura 2 IMPORTADA','2026-02-05 07:20:41.5150','034aecd3cee33f0865543a7d706678b4c466a1a757e03632d122aa9c515d1afa','1c27de09385f7269e9a03e6bfae89026cb91e6fa3fbec59123dfd184714c0c98',124),(223,2,'INICIO_NUEVA_CADENA_EVENTOS','Inicio de nueva cadena por corrección del formato temporal','2026-02-05T11:05:47.109Z','b88631f4c72faacaad571b6bc0c535e137bf7c833b03b0611ae1a7c0c44c67fe','0000000000000000000000000000000000000000000000000000000000000000',125),(224,2,'SIF_CREADO','Alta de SIF InAltera-0.1 v0.1','2026-02-05T11:28:07.538Z','0c4ebc5ef44dc41bdc34ed8ac6c4cb51983efa28dc8297716ae07eb5cb136a9c','b88631f4c72faacaad571b6bc0c535e137bf7c833b03b0611ae1a7c0c44c67fe',126),(225,2,'SIF_ACTIVADO','Activación de SIF id 1','2026-02-05T11:28:18.315Z','241acd390c3175b7bf81aad85ee4b29ded43a3373b1b93a5f271cf572220b939','0c4ebc5ef44dc41bdc34ed8ac6c4cb51983efa28dc8297716ae07eb5cb136a9c',127),(226,2,'INICIO_NUEVA_CADENA_EVENTOS','Inicio de nueva cadena por corrección del formato temporal','2026-02-05T12:04:06.600Z','b7debcec7ad3f180fb031135be74d81a6e23c857c91dfe21fed19c9945dd3a28','0000000000000000000000000000000000000000000000000000000000000000',128),(227,2,'SIF_ACTIVADO','Activación de SIF id 2','2026-02-05T12:13:11.476Z','8f341777da264d13571573f4853e3490704538724acd3c0bc82f12f8a0ec5017','0000000000000000000000000000000000000000000000000000000000000000',129),(228,2,'FACTURA_IMPORTADA','Factura EMISOR IMPORTADA','2026-02-05T13:08:19.788Z','90f8dfe28f8b3821342867cf73db82bc3f1d4ceee05104b7308094f43a253007','8f341777da264d13571573f4853e3490704538724acd3c0bc82f12f8a0ec5017',130),(229,2,'LOGIN_2FA_REQUERIDO','Credenciales correctas, se requiere 2FA','2026-02-06T07:48:48.684Z','95ecbe5f9c1cc3ce73c1cc267804effad566a9cd77dd0b16cc2310b2f4e05e2d','90f8dfe28f8b3821342867cf73db82bc3f1d4ceee05104b7308094f43a253007',131),(230,2,'LOGIN_2FA_OK','Login con 2FA correcto','2026-02-06T07:48:59.565Z','c8a55b3a1106c9e2842aacadb3284c585d3eb1379cb9cc290270c8024c17303b','95ecbe5f9c1cc3ce73c1cc267804effad566a9cd77dd0b16cc2310b2f4e05e2d',132),(231,2,'SIF_ACTIVADO','Activación de SIF id 1','2026-02-06T07:49:14.794Z','7868941501a7b920f18bdfc19357e560073f7a3ed905032b757fc017fb3a9a26','c8a55b3a1106c9e2842aacadb3284c585d3eb1379cb9cc290270c8024c17303b',133),(232,2,'SIF_ACTIVADO','Activación de SIF id 2','2026-02-06T07:49:17.218Z','06316ab2b23ca5e1b618ebfd070ca010e31d27f66c69fc73a2659208ae2899c9','7868941501a7b920f18bdfc19357e560073f7a3ed905032b757fc017fb3a9a26',134),(233,2,'FACTURA_IMPORTADA','Factura 10 IMPORTADA','2026-02-06T07:49:27.033Z','5dde463c2ff582fd72494dd8f457bc58e71a96ec685f8826a2613aae6377556c','06316ab2b23ca5e1b618ebfd070ca010e31d27f66c69fc73a2659208ae2899c9',135),(234,2,'FACTURA_REGISTRADA','Factura 11 registrada','2026-02-06T10:56:20.368Z','e50fa9b2dc974fa6fa3ac2bce2db62c273ba2476a0db526a7fe64b802da0c330','5dde463c2ff582fd72494dd8f457bc58e71a96ec685f8826a2613aae6377556c',136),(235,2,'LOGIN_2FA_REQUERIDO','Credenciales correctas, se requiere 2FA','2026-02-06T10:56:50.019Z','8951ef3e38a76d83ec09528c113ec19d0355cc36265a542c2c10d7d14dea6ab5','e50fa9b2dc974fa6fa3ac2bce2db62c273ba2476a0db526a7fe64b802da0c330',137),(236,2,'LOGIN_2FA_OK','Login con 2FA correcto','2026-02-06T10:56:54.541Z','99a204acb145d7ce21dccbbda3085f9448f6294fd6d54dd0eed1aba530607437','8951ef3e38a76d83ec09528c113ec19d0355cc36265a542c2c10d7d14dea6ab5',138),(237,2,'FACTURA_REGISTRADA','Factura 12 registrada','2026-02-06T11:24:35.193Z','f8c4fb10439ada6ec3c98b16e908bc4dd8d30e41c6915787f193f51c6da7ffb4','99a204acb145d7ce21dccbbda3085f9448f6294fd6d54dd0eed1aba530607437',139),(238,2,'LOGIN_2FA_REQUERIDO','Credenciales correctas, se requiere 2FA','2026-02-06T11:26:34.311Z','7c06aa4550a0ebe390d708c4f0f0b42f6cd75faf1a98c18ac458f5abc88a540f','f8c4fb10439ada6ec3c98b16e908bc4dd8d30e41c6915787f193f51c6da7ffb4',140),(239,2,'LOGIN_2FA_OK','Login con 2FA correcto','2026-02-06T11:26:39.191Z','5e751c1cf9ec8faceed337bf393db087a6a82d21d2d121f1a6cbbfc0264cca8d','7c06aa4550a0ebe390d708c4f0f0b42f6cd75faf1a98c18ac458f5abc88a540f',141),(240,2,'FACTURA_REGISTRADA','Factura 13 registrada','2026-02-06T12:20:08.338Z','c3c9693943c174c1f0187f8641737f588905eea79a7dd7ef0ecd3ddfddd24b7a','5e751c1cf9ec8faceed337bf393db087a6a82d21d2d121f1a6cbbfc0264cca8d',142),(241,2,'LOGIN_2FA_REQUERIDO','Credenciales correctas, se requiere 2FA','2026-02-06T12:25:38.099Z','651d6b3ebdbb5d879416ba9440d47f4d6ee7512ee4a71f4a16947dc4b006bac5','c3c9693943c174c1f0187f8641737f588905eea79a7dd7ef0ecd3ddfddd24b7a',143),(242,2,'LOGIN_2FA_OK','Login con 2FA correcto','2026-02-06T12:25:49.228Z','097042120fc7e1dc84547ffd2590ea2ccbacaa50749669b1b6052db850fe392a','651d6b3ebdbb5d879416ba9440d47f4d6ee7512ee4a71f4a16947dc4b006bac5',144),(243,2,'FACTURA_REGISTRADA','Factura 14 registrada','2026-02-06T12:27:49.863Z','750762a8aa96c09152d9dfe2a6760f1282c093dc14ea9eed96f6440e45ece418','097042120fc7e1dc84547ffd2590ea2ccbacaa50749669b1b6052db850fe392a',145),(244,2,'LOGIN_2FA_REQUERIDO','Credenciales correctas, se requiere 2FA','2026-02-06T12:28:20.698Z','c6a6168fc41d9eee64abed8d9aa3e9c3daf771ee1cac06c2ec68e27b12babdb8','750762a8aa96c09152d9dfe2a6760f1282c093dc14ea9eed96f6440e45ece418',146),(245,2,'LOGIN_2FA_OK','Login con 2FA correcto','2026-02-06T12:28:24.816Z','6dbecb8ead72e6df5147934ba819f9d194670efc9ad6c17ef8c8beea36944123','c6a6168fc41d9eee64abed8d9aa3e9c3daf771ee1cac06c2ec68e27b12babdb8',147),(246,2,'FACTURA_REGISTRADA','Factura 15 registrada','2026-02-06T12:35:31.004Z','915975a41db77b15b7398ff992228f56b6561046fc8106ddfa9a0dd4c6ead710','6dbecb8ead72e6df5147934ba819f9d194670efc9ad6c17ef8c8beea36944123',148),(247,2,'LOGIN_2FA_REQUERIDO','Credenciales correctas, se requiere 2FA','2026-02-06T12:40:24.600Z','081f6182817bf5a8290106ca0e125af6496a99b090460882936832f607b9ef00','915975a41db77b15b7398ff992228f56b6561046fc8106ddfa9a0dd4c6ead710',149),(248,2,'LOGIN_2FA_OK','Login con 2FA correcto','2026-02-06T12:40:38.350Z','23bda273ae06aac1f8ffcd44f4cebbfd02be2722833e3f26fd9c8c92a2f544ef','081f6182817bf5a8290106ca0e125af6496a99b090460882936832f607b9ef00',150),(249,2,'FACTURA_REGISTRADA','Factura 16 registrada','2026-02-06T12:40:53.972Z','3e736f04ffb2dc76b45e2c7b2e8fa7fae7eb877841e37bf4859f045148844c17','23bda273ae06aac1f8ffcd44f4cebbfd02be2722833e3f26fd9c8c92a2f544ef',151),(250,2,'LOGIN_2FA_REQUERIDO','Credenciales correctas, se requiere 2FA','2026-02-06T12:46:53.817Z','8b2c5d5a13fb77f0d9ad07b89e1496c17d4867ec8d4e88126068456788524a62','3e736f04ffb2dc76b45e2c7b2e8fa7fae7eb877841e37bf4859f045148844c17',152),(251,2,'LOGIN_2FA_OK','Login con 2FA correcto','2026-02-06T12:47:06.497Z','f731ea0482752176f5a070b6fe026459264c99fd44d7b69d0693193eaf4afa8a','8b2c5d5a13fb77f0d9ad07b89e1496c17d4867ec8d4e88126068456788524a62',153),(252,2,'LOGIN_2FA_REQUERIDO','Credenciales correctas, se requiere 2FA','2026-02-06T13:57:14.336Z','3a670bea9dcdddfad90e3a78abde45ed22d1ea197af93e62fd8aec90c77ff0e3','f731ea0482752176f5a070b6fe026459264c99fd44d7b69d0693193eaf4afa8a',154),(253,2,'LOGIN_2FA_OK','Login con 2FA correcto','2026-02-06T13:57:24.290Z','033a72a6065b7c92e05d04dd64a7004deef5a28fb7b7984275641b2ce7a740bd','3a670bea9dcdddfad90e3a78abde45ed22d1ea197af93e62fd8aec90c77ff0e3',155),(254,2,'SIF_ACTIVADO','Activación de SIF id 1','2026-02-06T13:57:34.417Z','7210ee7d4bcdf46d4ad1ef6441b6604a774649a527a9e2f876999c5cbdb98622','033a72a6065b7c92e05d04dd64a7004deef5a28fb7b7984275641b2ce7a740bd',156),(255,2,'FACTURA_REGISTRADA','Factura 17 registrada','2026-02-06T13:57:59.454Z','4a06f62eb026b9053c6a9b1231bba291058fb88dcfbd327b35ed9af22d0aaf5d','7210ee7d4bcdf46d4ad1ef6441b6604a774649a527a9e2f876999c5cbdb98622',157),(256,2,'LOGIN_2FA_REQUERIDO','Credenciales correctas, se requiere 2FA','2026-02-06T14:10:04.871Z','433db46c5a0a28427c26e535fdde7de5b48b5c1659356465f803a594dcfa5c12','4a06f62eb026b9053c6a9b1231bba291058fb88dcfbd327b35ed9af22d0aaf5d',158),(257,2,'LOGIN_2FA_OK','Login con 2FA correcto','2026-02-06T14:10:17.656Z','2e88428018f1bbd7180da63270d31af334862cc1cc3a2374ddc39b41ce7483cd','433db46c5a0a28427c26e535fdde7de5b48b5c1659356465f803a594dcfa5c12',159),(258,2,'FACTURA_REGISTRADA','Factura 18 registrada','2026-02-06T14:11:04.102Z','f90ceea6b221d22ad57a8bef428c76ad7b57f95aac5cde187be8e45b1882e7d4','2e88428018f1bbd7180da63270d31af334862cc1cc3a2374ddc39b41ce7483cd',160),(259,2,'DESCARGA_PDF','Generación y almacenamiento del PDF de la factura 18','2026-02-06T14:11:04.142Z','32fa54e66e4e87820147acb8fcbb2f52f28ff386fcfd34f0b67e4fcef17b655c','f90ceea6b221d22ad57a8bef428c76ad7b57f95aac5cde187be8e45b1882e7d4',161),(260,2,'LOGIN_2FA_REQUERIDO','Credenciales correctas, se requiere 2FA','2026-02-06T14:41:45.035Z','275684a495e0e61883f9cb6a94546e1988e6118f795c15b519f5544251bdb660','32fa54e66e4e87820147acb8fcbb2f52f28ff386fcfd34f0b67e4fcef17b655c',162),(261,2,'LOGIN_2FA_OK','Login con 2FA correcto','2026-02-06T14:41:52.859Z','8c2fa229400164ac2c02807c6a485351620976357856b0a30f89f6a0ce2f6eff','275684a495e0e61883f9cb6a94546e1988e6118f795c15b519f5544251bdb660',163),(262,2,'FACTURA_REGISTRADA','Factura 19 registrada','2026-02-06T14:42:21.384Z','7b1e43f08b7bf3a6590ee214a88c226d348b2b2674b946e848ed08f393c50e36','8c2fa229400164ac2c02807c6a485351620976357856b0a30f89f6a0ce2f6eff',164),(263,2,'DESCARGA_PDF','Generación y almacenamiento del PDF de la factura 19','2026-02-06T14:42:21.546Z','84cfbd362d9dbed8bc50920dfb160d8f6dcebcf248b9fee2f3b386bd48fecb8b','7b1e43f08b7bf3a6590ee214a88c226d348b2b2674b946e848ed08f393c50e36',165),(264,2,'LOGIN_2FA_REQUERIDO','Credenciales correctas, se requiere 2FA','2026-02-06T14:52:46.563Z','6d78b244512613171b1d107f75d4d393ae7e066389a2be12efc017de63580f93','84cfbd362d9dbed8bc50920dfb160d8f6dcebcf248b9fee2f3b386bd48fecb8b',166),(265,2,'LOGIN_2FA_OK','Login con 2FA correcto','2026-02-06T14:52:56.217Z','c14214f2558b128ff7738b3db1dc29cd9a8ba161d5a6bb846ea095e9eda4d774','6d78b244512613171b1d107f75d4d393ae7e066389a2be12efc017de63580f93',167),(266,4,'REGISTRO DE USUARIO','Registro del usuario con email:  test@noveri.local','2026-02-06T14:53:51.632Z','55f3b33ab9a1a2f6271a452f11dce3f4881310122d029c7d168b65243b4f6a95','0000000000000000000000000000000000000000000000000000000000000000',1),(267,4,'LOGIN_OK','Inicio de sesión correcto de test@noveri.local','2026-02-06T14:54:03.278Z','f0f0d2501b6e26582cf93571dce7f120cfcb9f85178aa1e3ce5ae6f2740d1098','0000000000000000000000000000000000000000000000000000000000000000',2),(268,4,'LOGIN_OK','Inicio de sesión correcto de test@noveri.local','2026-02-06T14:54:12.428Z','8a35d38b9b64c996c253fda50a0504cdc68e659f278997d81a7f8dd1c20efc9d','0000000000000000000000000000000000000000000000000000000000000000',3),(269,4,'LOGIN_OK','Inicio de sesión correcto de test@noveri.local','2026-02-06T14:55:43.369Z','a124d3613104b41fcca4ebb417164155fb171d48e292b417ffe7656cef74d9fe','0000000000000000000000000000000000000000000000000000000000000000',4),(270,4,'LOGIN_OK','Inicio de sesión correcto de test@noveri.local','2026-02-06T15:12:10.015Z','f08ea9ba947289a8389c764e0132a8ae7b2f929c58742d802d5e6503b9e49f31','0000000000000000000000000000000000000000000000000000000000000000',5),(271,4,'DATOS_FISCALES_CREADOS','Primer registro de los datos fiscales del usuario 4','2026-02-06T15:23:32.712Z','d2031f1a18d235af861bb2c3e2c43bab9c3bbc7bd47f887d3df469d13b144a07','0000000000000000000000000000000000000000000000000000000000000000',6),(272,4,'CAMBIO_SUSCRIPCION','Cambio de la suscripción del usuario 4','2026-02-06T15:23:36.373Z','7404bad4c3ef177648854936bba875c05c2de06e4f80a67f8aef30e3447336d8','0000000000000000000000000000000000000000000000000000000000000000',7),(273,4,'FACTURA_REGISTRADA','Factura 1 registrada','2026-02-06T15:39:30.814Z','8bbc2f086cfdfbe208bf5e9f19d67571a21b49dbbbe62a46f0b0d6e253e61b1e','0000000000000000000000000000000000000000000000000000000000000000',8),(274,2,'LOGIN_2FA_REQUERIDO','Credenciales correctas, se requiere 2FA','2026-02-09T07:29:01.792Z','e1186c2cbabf864126ad030f615cb8b3bde945187c0b9d1049be09afdde33788','c14214f2558b128ff7738b3db1dc29cd9a8ba161d5a6bb846ea095e9eda4d774',168),(275,2,'LOGIN_2FA_OK','Login con 2FA correcto','2026-02-09T07:29:09.185Z','e71dd44492cf4d07e00421fcf8b79444051d7e6c7e5717da5127962b027bf99d','e1186c2cbabf864126ad030f615cb8b3bde945187c0b9d1049be09afdde33788',169),(276,2,'DATOS_FISCALES_MODIFICADOS','Modificación de los datos fiscales del usuario 2','2026-02-09T07:29:25.582Z','32636c045a1a851a457b328ca5fd5f665a2ed17e6244925410f296121a17c5f3','e71dd44492cf4d07e00421fcf8b79444051d7e6c7e5717da5127962b027bf99d',170),(277,2,'DATOS_FISCALES_MODIFICADOS','Modificación de los datos fiscales del usuario 2','2026-02-09T07:30:18.044Z','67b8083381a4a9460fe4db1c6c3ec064787a0d4cb787fd71186d8427ebb784ca','32636c045a1a851a457b328ca5fd5f665a2ed17e6244925410f296121a17c5f3',171),(278,2,'LOGIN_2FA_REQUERIDO','Credenciales correctas, se requiere 2FA','2026-02-09T07:32:11.555Z','c6e5bd4e61690161d6401d94632094ecb0211fff3ffee64a6ab7b9569503867d','67b8083381a4a9460fe4db1c6c3ec064787a0d4cb787fd71186d8427ebb784ca',172),(279,2,'LOGIN_2FA_OK','Login con 2FA correcto','2026-02-09T07:32:20.737Z','3a367481006f68a0dd6e47d26c14c806ddc1cc4ad429d7486c9136c82ec4b7c6','c6e5bd4e61690161d6401d94632094ecb0211fff3ffee64a6ab7b9569503867d',173),(280,2,'SIF_CREADO','Alta de SIF TercerSW v1.0','2026-02-09T07:33:21.438Z','61e10203cb24b658fe54e8790c9a7e70a51512975d3f4df51c9cb6ec7c358120','3a367481006f68a0dd6e47d26c14c806ddc1cc4ad429d7486c9136c82ec4b7c6',174),(281,4,'LOGIN_OK','Inicio de sesión correcto de test@noveri.local','2026-02-09T07:40:03.503Z','733127a37b5e3ca3f19156e1ff520f5d7556fe0bcc7946232ead23fdcc7c3018','0000000000000000000000000000000000000000000000000000000000000000',9),(282,4,'CAMBIO_ESTADO_SUSCRIPCION','Estado cambiado a VENCIDA','2026-02-09T07:40:18.942Z','e0c320fc3d1f8b8c81c0b40530ec86217b8084b8d7b9099ca70bc195a3693c50','0000000000000000000000000000000000000000000000000000000000000000',10),(283,4,'CAMBIO_ESTADO_SUSCRIPCION','Estado cambiado a ACTIVA','2026-02-09T07:40:37.108Z','e86d35c743a27e92482011ff2aa218eb237d67646b936ad8a53734842301e4c2','0000000000000000000000000000000000000000000000000000000000000000',11),(284,4,'LOGIN_OK','Inicio de sesión correcto de test@noveri.local','2026-02-09T07:45:14.623Z','a3753cb103064d2cad6203a034dfa24759880526dc5aba2eeb99944f71a33c4d','0000000000000000000000000000000000000000000000000000000000000000',12),(285,4,'FACTURA_RECTIFICADA','Factura 1-R1 rectificada','2026-02-09T08:04:47.105Z','c82862def7471fdfef8aaf33b2a30c7a15e6af78e4a3e78552c7b680a626bea5','0000000000000000000000000000000000000000000000000000000000000000',13),(286,4,'FACTURA_ANULADA','Factura 1-R1 anulada','2026-02-09T08:15:02.754Z','97f065de1fb4a753c480594dd972e8aa06c305e7d218ae2a4d9348092fbd2cbe','0000000000000000000000000000000000000000000000000000000000000000',14),(287,4,'INICIO_NUEVA_CADENA_EVENTOS','Inicio de nueva etapa por corrección estructural del sistema','2026-02-09T09:40:51.649Z','a710fe196751f39abd3d60dea053c63c70533f767d962574a45522708928538e','0000000000000000000000000000000000000000000000000000000000000000',15),(288,2,'LOGIN_2FA_REQUERIDO','Credenciales correctas, se requiere 2FA','2026-02-09T10:09:41.624Z','2d787e1b55878cd71d072292091477512a21e765dfcba315aef666e4598b0538','61e10203cb24b658fe54e8790c9a7e70a51512975d3f4df51c9cb6ec7c358120',175),(289,2,'LOGIN_2FA_OK','Login con 2FA correcto','2026-02-09T10:09:53.398Z','c2a3737897f5e150a6b5bbd479aa4e9da568ab9fdb588cb6a50f9a0b647e2e9b','2d787e1b55878cd71d072292091477512a21e765dfcba315aef666e4598b0538',176),(290,2,'LOGIN_2FA_REQUERIDO','Credenciales correctas, se requiere 2FA','2026-02-09T10:41:45.723Z','9c1c65222f45d084a3557a07719e86ea01ba06b6ef0a3eb01785b91050f44229','c2a3737897f5e150a6b5bbd479aa4e9da568ab9fdb588cb6a50f9a0b647e2e9b',177),(291,2,'LOGIN_2FA_OK','Login con 2FA correcto','2026-02-09T10:41:53.360Z','47f42d45dad3e4d233c84770bd82ca4e9f528c358abe512b53d19471576c0409','9c1c65222f45d084a3557a07719e86ea01ba06b6ef0a3eb01785b91050f44229',178),(292,2,'INICIO_NUEVA_CADENA_EVENTOS','Inicio de nueva etapa por corrección estructural del sistema','2026-02-09T10:41:59.797Z','9fea5da4c55fe329e4818d8df04a7296e6096f83fabbca3f000dd3b15fe55800','0000000000000000000000000000000000000000000000000000000000000000',179),(293,2,'LOGIN_FALLIDO','Intento de inicio de sesión fallido para rebecamm2495@gmail.com','2026-02-09T10:42:25.229Z','188e66faf2936bb9190b3b4ceb8855a3bac8e746f89fb3fd7329ed52748a4c22','0000000000000000000000000000000000000000000000000000000000000000',180),(294,2,'LOGIN_2FA_REQUERIDO','Credenciales correctas, se requiere 2FA','2026-02-09T10:42:33.586Z','52515781cfcc59bb540da8295c3457ec9ebe225a4d6fc8d0a672cfb4f437b37a','188e66faf2936bb9190b3b4ceb8855a3bac8e746f89fb3fd7329ed52748a4c22',181),(295,2,'LOGIN_2FA_OK','Login con 2FA correcto','2026-02-09T10:42:41.178Z','89812514b15628d87f12944466f13c98e1b49b6d42315bd4f2d6870adc359794','52515781cfcc59bb540da8295c3457ec9ebe225a4d6fc8d0a672cfb4f437b37a',182),(296,2,'INICIO_NUEVA_CADENA_EVENTOS','Inicio de nueva etapa por corrección estructural del sistema','2026-02-09T10:42:45.547Z','680e224f500f2e1c38f2216000a759fa293bd498c6d22a6fb9b82dfcb3dd971e','0000000000000000000000000000000000000000000000000000000000000000',183),(297,2,'FACTURA_REGISTRADA','Factura 13 registrada','2026-02-09T10:45:36.058Z','ee4ed87ee7dd121189fd86e58b32f21a1955b5659710eebe363d3de0cc4e4f63','0000000000000000000000000000000000000000000000000000000000000000',184),(298,2,'DESCARGA_PDF','Generación y almacenamiento del PDF de la factura 13','2026-02-09T10:45:36.202Z','d848e13e60d0b7ad46cc584e6e098783a6d8c1810cf910bf9ea160a01824310e','ee4ed87ee7dd121189fd86e58b32f21a1955b5659710eebe363d3de0cc4e4f63',185),(299,2,'FACTURA_RECTIFICADA','Factura 13-R1 rectificada','2026-02-09T10:45:56.151Z','7660f64853e9d22dcb1ea30f879269bd13d5c2c22da4f1e3f98ee1bdff919fb6','d848e13e60d0b7ad46cc584e6e098783a6d8c1810cf910bf9ea160a01824310e',186),(300,2,'SIF_ACTIVADO','Activación de SIF id 1','2026-02-09T11:00:05.324Z','0b7614cb0f152678a793a06254af14ac89e9b3b978c05bb3a2b939e8675fefee','7660f64853e9d22dcb1ea30f879269bd13d5c2c22da4f1e3f98ee1bdff919fb6',187),(301,2,'FACTURA_REGISTRADA','Factura 12 registrada','2026-02-09T11:10:40.548Z','4107a6a94eb56a8c663bfcb2ff499c081efcf38ef6ddd8f4aca4ca18f23db9fe','0b7614cb0f152678a793a06254af14ac89e9b3b978c05bb3a2b939e8675fefee',188),(302,2,'DESCARGA_PDF','Generación y almacenamiento del PDF de la factura 12','2026-02-09T11:10:40.756Z','785a528fb7a9b2b792f909c8ce1a246f41b6506705df5aebe68b1425a8c1392d','4107a6a94eb56a8c663bfcb2ff499c081efcf38ef6ddd8f4aca4ca18f23db9fe',189),(303,2,'FACTURA_REGISTRADA','Factura 250 registrada','2026-02-09T11:19:08.555Z','b4ba8898669364b13fbff6650f7f841895b37b5a7e8b154147db5f02a1439392','785a528fb7a9b2b792f909c8ce1a246f41b6506705df5aebe68b1425a8c1392d',190),(304,2,'DESCARGA_PDF','Generación y almacenamiento del PDF de la factura 250','2026-02-09T11:19:08.597Z','f8230b492d3ef892c59d16412759ec4962867a2333093c5c672638462c41016f','b4ba8898669364b13fbff6650f7f841895b37b5a7e8b154147db5f02a1439392',191),(305,2,'FACTURA_REGISTRADA','Factura 950 registrada','2026-02-09T11:20:41.994Z','632cea506afc73b531ede86ce1ddf9b4577dbd32d997b74933d1edfb9cb5c1f0','f8230b492d3ef892c59d16412759ec4962867a2333093c5c672638462c41016f',192),(306,2,'DESCARGA_PDF','Generación y almacenamiento del PDF de la factura 950','2026-02-09T11:20:42.078Z','711a9b1abc434e032b69b7db7e45e88e199bd7bdf45cb0b45818f0dec9239798','632cea506afc73b531ede86ce1ddf9b4577dbd32d997b74933d1edfb9cb5c1f0',193),(307,2,'INICIO_NUEVA_CADENA_EVENTOS','Inicio de nueva etapa por corrección estructural del sistema','2026-02-09T11:44:46.416Z','cd79ef5f75432df7cf029109a3977d73399c4061897f8a234376ddc338a57819','711a9b1abc434e032b69b7db7e45e88e199bd7bdf45cb0b45818f0dec9239798',194),(308,2,'INICIO_NUEVA_CADENA_EVENTOS','Inicio de nueva etapa por corrección estructural del sistema','2026-02-09T12:00:45.822Z','baf20ef81ec0c747a095dbccef594b971838d018df94b1a8b055a4fde6d175be','cd79ef5f75432df7cf029109a3977d73399c4061897f8a234376ddc338a57819',195),(309,2,'INICIO_NUEVA_CADENA_EVENTOS','Inicio de nueva etapa por corrección estructural del sistema','2026-02-09T12:08:22.872Z','a1f2aca32de6ba276286343779904d8736d9fdf350b909ef5f4e888a42b5b61b','0000000000000000000000000000000000000000000000000000000000000000',196),(310,2,'INICIO_NUEVA_CADENA_EVENTOS','Inicio de nueva etapa por corrección estructural del sistema','2026-02-09T12:16:58.910Z','f895aa1ab582f93e431d626e04472ca1cbda7315112d501e6a99364fb5517b1a','0000000000000000000000000000000000000000000000000000000000000000',197),(311,2,'INICIO_NUEVA_CADENA_EVENTOS','Inicio de nueva etapa por corrección estructural del sistema','2026-02-09T12:53:02.566Z','800f5da08655c123d2582a97c98251d063837a81e41c60e7662def0d5d068d3b','0000000000000000000000000000000000000000000000000000000000000000',198),(312,2,'INICIO_NUEVA_CADENA_EVENTOS','Inicio de nueva etapa por corrección estructural del sistema','2026-02-09T13:35:00.366Z','ee00ff3d7d11a69718a3122bd736c98d8f6443529a267cd6f2278918bcd114a3','0000000000000000000000000000000000000000000000000000000000000000',199),(313,2,'FACTURA_REGISTRADA','Factura 1 registrada','2026-02-09T13:36:03.591Z','874d4f8b371a7d6c7e7ad055b666724ae25ceb1767fc1ec4debed2fe6d050b38','ee00ff3d7d11a69718a3122bd736c98d8f6443529a267cd6f2278918bcd114a3',200),(314,2,'DESCARGA_PDF','Generación y almacenamiento del PDF de la factura 1','2026-02-09T13:36:03.654Z','5892e10e8ae94e9ab2ec18a0618f9c3eb7609bf512f80ae9c38c054acf3a94f7','874d4f8b371a7d6c7e7ad055b666724ae25ceb1767fc1ec4debed2fe6d050b38',201),(315,2,'FACTURA_RECTIFICADA','Factura 1-R1 rectificada','2026-02-09T13:36:23.746Z','83f423387710af70edc6821a100ba3d635137f2c60f2492a15ae0f827ced85be','5892e10e8ae94e9ab2ec18a0618f9c3eb7609bf512f80ae9c38c054acf3a94f7',202),(316,2,'INICIO_NUEVA_CADENA_EVENTOS','Inicio de nueva etapa por corrección estructural del sistema','2026-02-09T13:58:59.293Z','2eb80110392f370888e3d5b87cfcc95816a63e77a3f8a9b0c2668c7cf40ab6fa','0000000000000000000000000000000000000000000000000000000000000000',203),(317,2,'FACTURA_REGISTRADA','Factura 13 registrada','2026-02-09T13:59:23.763Z','839f0561dcbbb95e2e37a5530f758edf717454b79dd828c9e2d5b656183217cc','2eb80110392f370888e3d5b87cfcc95816a63e77a3f8a9b0c2668c7cf40ab6fa',204),(318,2,'DESCARGA_PDF','Generación y almacenamiento del PDF de la factura 13','2026-02-09T13:59:23.828Z','961c38753a682d6b29376e110cecfef1a4e2a0ec1950278d3bcfb59892035f52','839f0561dcbbb95e2e37a5530f758edf717454b79dd828c9e2d5b656183217cc',205),(319,2,'FACTURA_ANULADA','Factura 13 anulada','2026-02-09T14:32:04.525Z','1cfa8de05e61c509d947ee4c9b35cdf1cbbdf8b9449884a4922d39e7a0e57df6','961c38753a682d6b29376e110cecfef1a4e2a0ec1950278d3bcfb59892035f52',206),(320,2,'FACTURA_REGISTRADA','Factura 130 registrada','2026-02-09T14:32:52.108Z','0076845057f12866bf192fc828bdf33b1349e8f1b47cecfc41ddbbbaf1292024','1cfa8de05e61c509d947ee4c9b35cdf1cbbdf8b9449884a4922d39e7a0e57df6',207),(321,2,'DESCARGA_PDF_ORIGINAL','Descarga de documento PDF original de la factura número 130','2026-02-09T14:32:57.561Z','3f649233433ab53875ff5a98562e2fe3fc9e80dbd9cf06e61d0a606525c50eb9','0076845057f12866bf192fc828bdf33b1349e8f1b47cecfc41ddbbbaf1292024',208),(322,2,'DESCARGA_XML','Descarga de registro XML de la factura número 130','2026-02-09T14:33:03.952Z','440f0fd93203415134974935ab5cd6e1b672537743665f99ba471a64c34ffcb7','3f649233433ab53875ff5a98562e2fe3fc9e80dbd9cf06e61d0a606525c50eb9',209),(323,2,'FACTURA_REGISTRADA','Factura 12 registrada','2026-02-09T15:16:33.951Z','8647ecabbbf8746a21f3b2b51ac79bd148ccb7004a143166170241ff0724c928','440f0fd93203415134974935ab5cd6e1b672537743665f99ba471a64c34ffcb7',210),(324,2,'DESCARGA_PDF_ORIGINAL','Descarga de documento PDF original de la factura número 12','2026-02-09T15:16:39.007Z','e59481d0c394212669434bdd8bef528a274c8f8d0114cdf9f216d71007b28d56','8647ecabbbf8746a21f3b2b51ac79bd148ccb7004a143166170241ff0724c928',211),(325,2,'DESCARGA_XML','Descarga de registro XML de la factura número 12','2026-02-09T15:16:42.495Z','649d1fc8c4a81b0a2cc1b06e5560d2c3b2a6a4056fefb534f90cc947f22bf867','e59481d0c394212669434bdd8bef528a274c8f8d0114cdf9f216d71007b28d56',212),(326,2,'FACTURA_REGISTRADA','Factura 950 registrada','2026-02-09T15:26:41.473Z','9f53af4bfbefd9b5fa690294c691ba8575d1a99d6a2d8b7938f99e9649153cf8','649d1fc8c4a81b0a2cc1b06e5560d2c3b2a6a4056fefb534f90cc947f22bf867',213),(327,2,'FACTURA_REGISTRADA','Factura 4867845 registrada','2026-02-09T15:31:32.200Z','58b6d7bb72bac69b9cdf5e4c50b1c70572ac2c7c91f33cc6f32ce1fb22532fed','9f53af4bfbefd9b5fa690294c691ba8575d1a99d6a2d8b7938f99e9649153cf8',214),(328,2,'LOGIN_2FA_REQUERIDO','Credenciales correctas, se requiere 2FA','2026-02-10T11:02:07.332Z','2cbd08a3eb10bbcdea2e6136c2b1748ff56fb659da7d1f936999f17845586b74','58b6d7bb72bac69b9cdf5e4c50b1c70572ac2c7c91f33cc6f32ce1fb22532fed',215),(329,2,'LOGIN_2FA_OK','Login con 2FA correcto','2026-02-10T11:02:12.227Z','fe7d62867b2e26da96eaecc0d0d13b1d9be78a79a144945c7de6bbfaa516d131','2cbd08a3eb10bbcdea2e6136c2b1748ff56fb659da7d1f936999f17845586b74',216),(330,2,'DESCARGA_PDF','Descarga de PDF sellado de la factura 130','2026-02-10T11:02:27.722Z','10f9a51b21a0d60005b7e4e55df2f3fe6b5b05f4505911db8891e25267878a79','fe7d62867b2e26da96eaecc0d0d13b1d9be78a79a144945c7de6bbfaa516d131',217),(331,2,'DESCARGA_PDF','Descarga de PDF sellado de la factura 12','2026-02-10T11:02:40.599Z','6cbdbbf372560d5499c6ddb4caac3ce71395927a7a085abd97c50e046df9b9df','10f9a51b21a0d60005b7e4e55df2f3fe6b5b05f4505911db8891e25267878a79',218),(332,2,'FACTURA_REGISTRADA','Factura 1 registrada','2026-02-10T11:39:24.674Z','a09160842cb86432f893c2818153193f7d9143cae37153e8bad38aa07a3c1f0a','6cbdbbf372560d5499c6ddb4caac3ce71395927a7a085abd97c50e046df9b9df',219),(333,2,'DESCARGA_XML','Descarga de registro XML de la factura número 1','2026-02-10T11:39:30.330Z','e2d3a0a7981995200c3cd02002b33d2af1e7b6cba4caa2776aee59970c1b077d','a09160842cb86432f893c2818153193f7d9143cae37153e8bad38aa07a3c1f0a',220),(334,2,'FACTURA_REGISTRADA','Factura 1 registrada','2026-02-10T12:07:42.450Z','74429d3f4e60f5525af0e5b29cce129fc3d9e647a011b83b9e4e5515f947d5cf','e2d3a0a7981995200c3cd02002b33d2af1e7b6cba4caa2776aee59970c1b077d',221),(335,2,'DESCARGA_XML','Descarga de registro XML de la factura número 1','2026-02-10T12:08:55.977Z','e2c46e0587655e57ee4a926111c6ae5c2175351a9ba50b0cfcaec2a14bcadd08','74429d3f4e60f5525af0e5b29cce129fc3d9e647a011b83b9e4e5515f947d5cf',222),(336,2,'FACTURA_REGISTRADA','Factura 1 registrada','2026-02-10T12:11:27.404Z','3e1754a9ce36840936e081230b7b986d196fdb16df1535cee8ecee67043e6c90','e2c46e0587655e57ee4a926111c6ae5c2175351a9ba50b0cfcaec2a14bcadd08',223),(337,2,'DESCARGA_XML','Descarga de registro XML de la factura número 1','2026-02-10T12:11:31.112Z','f9242198da891909a4322e5ceaf6702a9c341635c70a5b15d1562988e2066fa8','3e1754a9ce36840936e081230b7b986d196fdb16df1535cee8ecee67043e6c90',224),(338,2,'FACTURA_REGISTRADA','Factura 1 registrada','2026-02-10T12:23:32.947Z','83ed437522e2dbe1f7ace2dc46d066bbb39447b31afe66a2a3b9bd1cf7539a36','f9242198da891909a4322e5ceaf6702a9c341635c70a5b15d1562988e2066fa8',225),(339,2,'DESCARGA_XML','Descarga de registro XML de la factura número 1','2026-02-10T12:23:36.464Z','cfce1cf0bca09adfad2fee0484ae1eac82c26dea0290e3b3791e11ab8d7e2b31','83ed437522e2dbe1f7ace2dc46d066bbb39447b31afe66a2a3b9bd1cf7539a36',226),(340,2,'FACTURA_REGISTRADA','Factura 1 registrada','2026-02-10T12:25:36.952Z','47006841d52d9f373305e99ad4e8bffadf751609553488525d5a661206581f19','cfce1cf0bca09adfad2fee0484ae1eac82c26dea0290e3b3791e11ab8d7e2b31',227),(341,2,'FACTURA_REGISTRADA','Factura 1 registrada','2026-02-10T12:28:07.058Z','998e545fdee1c9981e1e1b095b3891edd99389d67deba1df9706b217ff39ae66','47006841d52d9f373305e99ad4e8bffadf751609553488525d5a661206581f19',228),(342,2,'DESCARGA_PDF','Descarga de PDF sellado de la factura 1','2026-02-10T12:28:07.077Z','e477034e3189b5a8e5a70007bf9c7c0cc3522cd58db245c702f40a1a990cfc50','998e545fdee1c9981e1e1b095b3891edd99389d67deba1df9706b217ff39ae66',229),(343,2,'FACTURA_REGISTRADA','Factura 1 registrada','2026-02-10T12:30:38.427Z','8f3c7b945dd693cf7a4d82d112f266881e9b91c2ad58ffd418bae5bcf0fb0163','e477034e3189b5a8e5a70007bf9c7c0cc3522cd58db245c702f40a1a990cfc50',230),(344,2,'DESCARGA_PDF','Descarga de PDF sellado de la factura 1','2026-02-10T12:30:38.493Z','4f561024e6ce2aadd9a46a5ef0cbd2771bb8b853c06b17436be71c03616cfa93','8f3c7b945dd693cf7a4d82d112f266881e9b91c2ad58ffd418bae5bcf0fb0163',231),(345,2,'FACTURA_REGISTRADA','Factura 1 registrada','2026-02-10T13:26:58.736Z','34bf0da50b3538323acc561b1185a20770e5182ea6bbfd5294cf21e363adf19f','4f561024e6ce2aadd9a46a5ef0cbd2771bb8b853c06b17436be71c03616cfa93',232),(346,2,'DESCARGA_PDF','Descarga de PDF sellado de la factura 1','2026-02-10T13:26:58.747Z','c01432bf3f17f2f834c574ae238f1c15c7d14da9542c5504da8fdf22d45b4e91','34bf0da50b3538323acc561b1185a20770e5182ea6bbfd5294cf21e363adf19f',233),(347,2,'DESCARGA_XML','Descarga de registro XML de la factura número 1','2026-02-10T13:27:35.594Z','727451fcddbe1dba3aaa2e69037bcf7987bf3f897c447eafdb83a8536ddba6d1','c01432bf3f17f2f834c574ae238f1c15c7d14da9542c5504da8fdf22d45b4e91',234),(348,2,'FACTURA_REGISTRADA','Factura 13 registrada','2026-02-10T13:29:11.912Z','a4e383229264e77a5a364f29f53fb63209590d07210995ac372b33d15578434a','727451fcddbe1dba3aaa2e69037bcf7987bf3f897c447eafdb83a8536ddba6d1',235),(349,2,'DESCARGA_PDF','Descarga de PDF sellado de la factura 13','2026-02-10T13:29:11.934Z','d209ca768406890fc35052fb09de1e86cdab49b43b527364be982a5f25a43f93','a4e383229264e77a5a364f29f53fb63209590d07210995ac372b33d15578434a',236),(350,2,'DESCARGA_PDF_ORIGINAL','Descarga de documento PDF original de la factura número 13','2026-02-10T13:29:24.530Z','332c691c3cbed23e2b881e8926d3df049dac32e30b019c730e8faf4a07ec317a','d209ca768406890fc35052fb09de1e86cdab49b43b527364be982a5f25a43f93',237),(351,2,'DESCARGA_XML','Descarga de registro XML de la factura número 13','2026-02-10T13:29:58.730Z','84048faa54bce5c326bf83d733e87a46972f5c5290e0f924d1a12286c4cbfe4e','332c691c3cbed23e2b881e8926d3df049dac32e30b019c730e8faf4a07ec317a',238),(352,2,'FACTURA_REGISTRADA','Factura 2 registrada','2026-02-10T13:30:34.593Z','b4251b6ff6df4951119cf3ebbe6844effb332cfea4c1564ffae466bf45c6b4ad','84048faa54bce5c326bf83d733e87a46972f5c5290e0f924d1a12286c4cbfe4e',239),(353,2,'DESCARGA_PDF','Descarga de PDF sellado de la factura 2','2026-02-10T13:30:34.624Z','48ec98cc682ad97a247a428e73b9232d6cd816e697d5429a5d4eebdd7bfd7f53','b4251b6ff6df4951119cf3ebbe6844effb332cfea4c1564ffae466bf45c6b4ad',240),(354,2,'FACTURA_RECTIFICADA','Factura 2-R1 rectificada','2026-02-10T13:31:04.445Z','e88cda314e33af320b7d957844dd85f8e83b2b0fa5b44a248a242113ef4539e7','48ec98cc682ad97a247a428e73b9232d6cd816e697d5429a5d4eebdd7bfd7f53',241),(355,2,'DESCARGA_XML','Descarga de registro XML de la factura número 2-R1','2026-02-10T13:31:17.483Z','065e68b457a1e7123cb801eb5187c6d7da305df3e314c878557298f5c6af0e47','e88cda314e33af320b7d957844dd85f8e83b2b0fa5b44a248a242113ef4539e7',242),(356,2,'FACTURA_ANULADA','Factura 2 anulada','2026-02-10T13:31:41.298Z','e15c8196e176a74a7c6e5197089f3da8aac606112227f44c5d0d523f16de7617','065e68b457a1e7123cb801eb5187c6d7da305df3e314c878557298f5c6af0e47',243),(357,2,'DESCARGA_XML','Descarga de registro XML de la factura número 2','2026-02-10T13:57:58.107Z','d612d245124147c3da93bc1f179adc1b863aa4d2f91a6d34164b8503fc4aa891','e15c8196e176a74a7c6e5197089f3da8aac606112227f44c5d0d523f16de7617',244),(358,2,'DESCARGA_XML','Descarga de registro XML de la factura número 2','2026-02-10T13:57:59.678Z','7d948c8dcfd458661b8d597a37acb38ec86a03dcbc03c6df91ee4201c6713705','d612d245124147c3da93bc1f179adc1b863aa4d2f91a6d34164b8503fc4aa891',245),(359,2,'FACTURA_REGISTRADA','Factura 3 registrada','2026-02-10T15:00:20.827Z','3b62acf9ed5762e38364b4eef4b9ae4722e9a954225ef2fa4e427c5c251de240','7d948c8dcfd458661b8d597a37acb38ec86a03dcbc03c6df91ee4201c6713705',246),(360,2,'DESCARGA_PDF','Descarga de PDF sellado de la factura 3','2026-02-10T15:00:20.836Z','15b851ca16468ec2bf175b11507b0648b23a15d721f0d57b27161e79c31722bb','3b62acf9ed5762e38364b4eef4b9ae4722e9a954225ef2fa4e427c5c251de240',247),(361,2,'FACTURA_REGISTRADA','Factura 4 registrada','2026-02-10T15:12:06.019Z','ff46b5c669934f1f8eebb40e76e1d63878d3c5ff163940fbad5bf64077f083b2','15b851ca16468ec2bf175b11507b0648b23a15d721f0d57b27161e79c31722bb',248),(362,2,'DESCARGA_PDF','Descarga de PDF sellado de la factura 4','2026-02-10T15:12:06.034Z','adf48ff9b450624b43a56d82dbd6a0a918259fba5e33a6ce0d7c2cde32018203','ff46b5c669934f1f8eebb40e76e1d63878d3c5ff163940fbad5bf64077f083b2',249),(363,2,'FACTURA_REGISTRADA','Factura 5 registrada','2026-02-10T15:13:18.109Z','3ee9467c7d4b2e3f586cb6f3e6afa71010042db318ee6a5a1689ecf9de8b357f','adf48ff9b450624b43a56d82dbd6a0a918259fba5e33a6ce0d7c2cde32018203',250),(364,2,'DESCARGA_PDF','Descarga de PDF sellado de la factura 5','2026-02-10T15:13:18.121Z','445509464b597f1075799f46513d7e5adec733594478f9551b17006138234e4b','3ee9467c7d4b2e3f586cb6f3e6afa71010042db318ee6a5a1689ecf9de8b357f',251),(365,2,'FACTURA_REGISTRADA','Factura 6 registrada','2026-02-10T15:23:00.061Z','05d49c32c910e09101b1309094dc65605f7f4d7e20d7dfd463d23aa8d06ea4ac','445509464b597f1075799f46513d7e5adec733594478f9551b17006138234e4b',252),(366,2,'DESCARGA_PDF','Descarga de PDF sellado de la factura 6','2026-02-10T15:23:00.074Z','83f66eabd28892cfb216d33385e0ba3a93b5dd051cdfd486d95e963cc38aa468','05d49c32c910e09101b1309094dc65605f7f4d7e20d7dfd463d23aa8d06ea4ac',253),(367,2,'FACTURA_REGISTRADA','Factura 7 registrada','2026-02-10T15:27:25.255Z','99e9852594464bbf059219d67858978537b4897a56c96551966f4fdabe20392e','83f66eabd28892cfb216d33385e0ba3a93b5dd051cdfd486d95e963cc38aa468',254),(368,2,'DESCARGA_PDF','Descarga de PDF sellado de la factura 7','2026-02-10T15:27:25.264Z','de564880e4b76042cb5de0202489cc1d33974a3c35e85f47833dd40d77300515','99e9852594464bbf059219d67858978537b4897a56c96551966f4fdabe20392e',255),(369,2,'FACTURA_REGISTRADA','Factura 8 registrada','2026-02-10T15:31:44.759Z','455a38b377680fabc7f0ed71494c6c3fa4c2bcda7e7a658a5fcf6dbc06b931da','de564880e4b76042cb5de0202489cc1d33974a3c35e85f47833dd40d77300515',256),(370,2,'DESCARGA_PDF','Descarga de PDF sellado de la factura 8','2026-02-10T15:31:44.768Z','f74ddbee84104bfa000c43334c8084a01298a6102785e14abeaeb68e9826fca6','455a38b377680fabc7f0ed71494c6c3fa4c2bcda7e7a658a5fcf6dbc06b931da',257),(371,2,'FACTURA_REGISTRADA','Factura 9 registrada','2026-02-10T15:34:31.824Z','15df1378dc8272374d321890a44e1956846c873aad5f78be13e6e37104ac1933','f74ddbee84104bfa000c43334c8084a01298a6102785e14abeaeb68e9826fca6',258),(372,2,'DESCARGA_PDF','Descarga de PDF sellado de la factura 9','2026-02-10T15:34:31.834Z','ca497d008a1d595b153da90ea227615658a656317131ccd2b1078ce732b18484','15df1378dc8272374d321890a44e1956846c873aad5f78be13e6e37104ac1933',259),(373,2,'FACTURA_REGISTRADA','Factura 10 registrada','2026-02-10T15:35:54.601Z','9a9471849db3ca7ed39124c44b2d292cf97078bbc40b08fc2001ddb9673796e9','ca497d008a1d595b153da90ea227615658a656317131ccd2b1078ce732b18484',260),(374,2,'DESCARGA_PDF','Descarga de PDF sellado de la factura 10','2026-02-10T15:35:54.611Z','814fccd7115421c43f3120af71f6232f4e107053445678bb8394d67d885b6b72','9a9471849db3ca7ed39124c44b2d292cf97078bbc40b08fc2001ddb9673796e9',261),(375,2,'LOGIN_2FA_REQUERIDO','Credenciales correctas, se requiere 2FA','2026-02-11T08:11:39.488Z','83468ee53660aea1ac4d0eec1289fdecbce8774616298116410a40108d4a35e3','814fccd7115421c43f3120af71f6232f4e107053445678bb8394d67d885b6b72',262),(376,2,'LOGIN_2FA_OK','Login con 2FA correcto','2026-02-11T08:11:59.523Z','3e96f65da6344bd7354a9feaa1abb1621eb612fb000e19cbb5ca3aacee276e31','83468ee53660aea1ac4d0eec1289fdecbce8774616298116410a40108d4a35e3',263),(377,2,'FACTURA_REGISTRADA','Factura 11 registrada','2026-02-11T08:14:15.923Z','7d4d4edf15e1cf80fe03e88dec00224235cb4dea5b92b51cb30e9376e5444e8b','3e96f65da6344bd7354a9feaa1abb1621eb612fb000e19cbb5ca3aacee276e31',264),(378,2,'DESCARGA_PDF','Descarga de PDF sellado de la factura 11','2026-02-11T08:14:15.934Z','7797aa2e32334536be9059dce5bdfe79dd0e977678e067d75eb0be21e831d14f','7d4d4edf15e1cf80fe03e88dec00224235cb4dea5b92b51cb30e9376e5444e8b',265),(379,2,'FACTURA_REGISTRADA','Factura 14 registrada','2026-02-11T08:17:48.293Z','bd17ffaf29f020003245c80ca139389962492e3d37c3773562e4120e7889e3c6','7797aa2e32334536be9059dce5bdfe79dd0e977678e067d75eb0be21e831d14f',266),(380,2,'DESCARGA_PDF','Descarga de PDF sellado de la factura 14','2026-02-11T08:17:48.346Z','a2092204b3611849f0bbb2257cd6c9020e026d5e19bc3b963da834af1dd295e1','bd17ffaf29f020003245c80ca139389962492e3d37c3773562e4120e7889e3c6',267),(381,2,'FACTURA_REGISTRADA','Factura 15 registrada','2026-02-11T08:20:33.189Z','66209a36dbbb965a847819f7398b3993772b1ac9df6ab3a46a132098498e55ce','a2092204b3611849f0bbb2257cd6c9020e026d5e19bc3b963da834af1dd295e1',268),(382,2,'DESCARGA_PDF','Descarga de PDF sellado de la factura 15','2026-02-11T08:20:33.200Z','ff9ddb41a8417b22d772be3ac320dae2f8efe18dcbc6c53010c969b6ea1c707e','66209a36dbbb965a847819f7398b3993772b1ac9df6ab3a46a132098498e55ce',269),(383,2,'FACTURA_ANULADA','Factura 2-R1 anulada','2026-02-11T08:43:52.740Z','308148c84c51d7003ce4197b13c9050282843b0dd32e552fb168f6f0d7bc6e9e','ff9ddb41a8417b22d772be3ac320dae2f8efe18dcbc6c53010c969b6ea1c707e',270),(384,2,'FACTURA_REGISTRADA','Factura 16 registrada','2026-02-11T09:56:55.269Z','57f11c258be4949a7bfad87c228c1d61b9854cd70979815c02a8974c7c827167','308148c84c51d7003ce4197b13c9050282843b0dd32e552fb168f6f0d7bc6e9e',271),(385,2,'DESCARGA_PDF','Descarga de PDF sellado de la factura 16','2026-02-11T09:56:55.281Z','e029168944b132e63c62b1efc7447c7ddf57e59ffce44b499a6c763ece4e7933','57f11c258be4949a7bfad87c228c1d61b9854cd70979815c02a8974c7c827167',272),(386,2,'FACTURA_RECTIFICADA','Factura 16-R2 rectificada','2026-02-11T10:22:35.613Z','b06350f1c4a6d30c8d83080a04762d3d7c162292d4ff21add4e6830eda7d3997','e029168944b132e63c62b1efc7447c7ddf57e59ffce44b499a6c763ece4e7933',273),(387,2,'DESCARGA_PDF','Descarga de PDF sellado de la factura 16-R2','2026-02-11T10:31:49.447Z','a5f7ba2589968f3212ab6a1f3f3996b1c9469a9880a2b52dd89e90304ecdf364','b06350f1c4a6d30c8d83080a04762d3d7c162292d4ff21add4e6830eda7d3997',274),(388,2,'FACTURA_RECTIFICADA','Factura 7-R3 rectificada','2026-02-11T10:38:19.914Z','698b0d3554ade9e8cb75b2c5bcb88012648b18edc6ef8b39847855daa52f0d40','a5f7ba2589968f3212ab6a1f3f3996b1c9469a9880a2b52dd89e90304ecdf364',275),(389,2,'FACTURA_ANULADA','Factura 7 anulada','2026-02-11T10:59:13.748Z','7de3abf5eedb97209b9dba2c6469c6bfa931db8dd422f5dff9bcc9cc22ac7915','698b0d3554ade9e8cb75b2c5bcb88012648b18edc6ef8b39847855daa52f0d40',276),(390,2,'DESCARGA_XML','Descarga XML (anulacion) factura 7','2026-02-11T11:40:38.204Z','859d66a204c431df294c95505bf9cda26b4cc286c9c04c0ae698d1ddf31e05be','7de3abf5eedb97209b9dba2c6469c6bfa931db8dd422f5dff9bcc9cc22ac7915',277),(391,2,'FACTURA_RECTIFICADA','Factura 10-R1 rectificada','2026-02-11T11:41:38.622Z','a89406f4e8c35f107636ce4fe04d86df1003e9e88256ca8c8beb34695a3625b7','859d66a204c431df294c95505bf9cda26b4cc286c9c04c0ae698d1ddf31e05be',278),(392,2,'DATOS_FISCALES_MODIFICADOS','Modificación de los datos fiscales del usuario 2','2026-02-11T12:11:15.700Z','0cf648c2181992538a4fa041579bb4c5c409c1146d5d0a6dd27c2bad68626f69','a89406f4e8c35f107636ce4fe04d86df1003e9e88256ca8c8beb34695a3625b7',279),(393,2,'DATOS_FISCALES_MODIFICADOS','Modificación de los datos fiscales del usuario 2','2026-02-11T12:23:19.477Z','d514a7764ccc60692a0eace48f9b19b306149084105c9e8c98c4431be5ff9909','0cf648c2181992538a4fa041579bb4c5c409c1146d5d0a6dd27c2bad68626f69',280),(394,2,'DATOS_FISCALES_MODIFICADOS','Modificación de los datos fiscales del usuario 2','2026-02-11T12:29:37.324Z','4cb17ae44a3c5d88702280ab1e4a5c56c613b2a0949d7db3a5d38d93cd5233af','d514a7764ccc60692a0eace48f9b19b306149084105c9e8c98c4431be5ff9909',281),(395,2,'DATOS_FISCALES_MODIFICADOS','Modificación de los datos fiscales del usuario 2','2026-02-11T12:45:29.336Z','983e02ead914a3f8c45d5e45e85abbdd0379be1db725cf0184700372328fb75c','4cb17ae44a3c5d88702280ab1e4a5c56c613b2a0949d7db3a5d38d93cd5233af',282),(396,2,'DATOS_FISCALES_MODIFICADOS','Modificación de los datos fiscales del usuario 2','2026-02-11T12:46:41.220Z','b636acb14bc250c5730424583ece0779e28f71926261759a1c398fa2bdf2e3f5','983e02ead914a3f8c45d5e45e85abbdd0379be1db725cf0184700372328fb75c',283),(397,4,'LOGIN_OK','Inicio de sesión correcto de test@noveri.local','2026-02-11T12:47:19.437Z','87ccd200dce3c3d02db20b942623d4fff5d9c6bc57686689d25d9a81366cf1d3','a710fe196751f39abd3d60dea053c63c70533f767d962574a45522708928538e',16),(398,4,'INTENTO_ACTIVAR_2FA','Inicio del proceso de activación de 2FA','2026-02-11T12:47:31.036Z','158a3f271509c3d3d2c7b505cdf6c8e8a84a669f0ad971621ad07087ddad913c','87ccd200dce3c3d02db20b942623d4fff5d9c6bc57686689d25d9a81366cf1d3',17),(399,4,'ACTIVAR_2FA','Autenticación en dos factores activada','2026-02-11T12:47:53.450Z','9f3aed3dae433da0c07cff2424d14193f8fa4bf14659ab4f3d2db8f8cbb947a8','158a3f271509c3d3d2c7b505cdf6c8e8a84a669f0ad971621ad07087ddad913c',18),(400,4,'LOGIN_2FA_REQUERIDO','Credenciales correctas, se requiere 2FA','2026-02-11T12:48:02.420Z','e2a55328be0efea4556698a978233e64fe1f0ea7b74bb5897036ff458c3c05bd','9f3aed3dae433da0c07cff2424d14193f8fa4bf14659ab4f3d2db8f8cbb947a8',19),(401,4,'LOGIN_2FA_OK','Login con 2FA correcto','2026-02-11T12:48:07.591Z','c06776b618e6e176ca5c9d13a2f1396487c14ab525b4e336ec2228a26de49aef','e2a55328be0efea4556698a978233e64fe1f0ea7b74bb5897036ff458c3c05bd',20),(402,5,'REGISTRO_USUARIO','Registro del usuario con email: pepi@gmail.com','2026-02-11T13:08:04.641Z','a69e526d8bd3efe0752d35dd7a40e9319c0a045755c9a0aa94069430b57d7976','0000000000000000000000000000000000000000000000000000000000000000',1),(403,2,'LOGIN_2FA_REQUERIDO','Credenciales correctas, se requiere 2FA','2026-02-11T13:36:59.858Z','70e1d99267262a5b8355d00aff04d1d18936d22e1994ecd5868f20ac1d74af2f','b636acb14bc250c5730424583ece0779e28f71926261759a1c398fa2bdf2e3f5',284),(404,2,'LOGIN_2FA_OK','Login con 2FA correcto','2026-02-11T13:37:12.414Z','5f1c53070edafa841588d2af9a0f5dbc9ff44a4f3688dc2d4e15a8beefeb1a51','70e1d99267262a5b8355d00aff04d1d18936d22e1994ecd5868f20ac1d74af2f',285),(405,2,'DESCARGA_XML','Descarga XML (RECTIFICATIVA) factura 10-R1','2026-02-11T13:44:02.508Z','2f7cc1ccaeafbc1a5c5dea08aba54de979fb0b430028334bb7e820fe6de31f95','5f1c53070edafa841588d2af9a0f5dbc9ff44a4f3688dc2d4e15a8beefeb1a51',286),(406,2,'DESCARGA_XML','Descarga XML (RECTIFICATIVA) factura 7-R3','2026-02-11T13:44:09.149Z','ca18f7fa2e9fdaf012de2aca2f103aaa5a29c77aed2d253f36eadb2390cf66aa','2f7cc1ccaeafbc1a5c5dea08aba54de979fb0b430028334bb7e820fe6de31f95',287),(407,2,'DESCARGA_XML','Descarga XML (RECTIFICATIVA) factura 16-R2','2026-02-11T13:44:10.260Z','62a51bc0479e6eece5495d12513d70f8b0256759d1a8b904fd0beb9802f539da','ca18f7fa2e9fdaf012de2aca2f103aaa5a29c77aed2d253f36eadb2390cf66aa',288),(408,2,'DESCARGA_XML','Descarga XML (ORDINARIA) factura 16','2026-02-11T13:44:11.635Z','bd14b5aa378db74582cce12ec27f499f6c2b3b4eaf9d627abab6edc52a976208','62a51bc0479e6eece5495d12513d70f8b0256759d1a8b904fd0beb9802f539da',289),(409,2,'DESCARGA_XML','Descarga XML (ORDINARIA) factura 15','2026-02-11T13:44:12.441Z','14f3cd12e29829cc2dd1dafed8728bc22320a1cf8c59ef8d5f5f295149c7083d','bd14b5aa378db74582cce12ec27f499f6c2b3b4eaf9d627abab6edc52a976208',290),(410,2,'DESCARGA_XML','Descarga XML (ORDINARIA) factura 14','2026-02-11T13:44:13.313Z','aecc5aa9455e8c1e2bd234e47fe9d5ac9f037bf77a184212a675f0e1f7301660','14f3cd12e29829cc2dd1dafed8728bc22320a1cf8c59ef8d5f5f295149c7083d',291),(411,2,'DESCARGA_XML','Descarga XML (ORDINARIA) factura 11','2026-02-11T13:44:14.127Z','ba4f2bba16ce2f8b8c9e4d141d4678376a1f2bbcfceb10dd5f26c32bb846e78a','aecc5aa9455e8c1e2bd234e47fe9d5ac9f037bf77a184212a675f0e1f7301660',292),(412,2,'DESCARGA_XML','Descarga XML (ORDINARIA) factura 9','2026-02-11T13:44:16.271Z','e697c4ad4d5be29bfde3064ec3f7db82861a941ad79ec60b8f18f3d8d9d2fe67','ba4f2bba16ce2f8b8c9e4d141d4678376a1f2bbcfceb10dd5f26c32bb846e78a',293),(413,2,'DESCARGA_XML','Descarga XML (ORDINARIA) factura 8','2026-02-11T13:44:17.163Z','db4719c55c206267297ebbdfb0091f428a18a5f63bfe7d06f6089dbe8af7f588','e697c4ad4d5be29bfde3064ec3f7db82861a941ad79ec60b8f18f3d8d9d2fe67',294),(414,2,'DESCARGA_XML','Descarga XML (ORDINARIA) factura 6','2026-02-11T13:44:21.683Z','4a69b22c65601ad03b05421409a90a08d5948ca814ed21be10ed156f4cf1ff99','db4719c55c206267297ebbdfb0091f428a18a5f63bfe7d06f6089dbe8af7f588',295),(415,2,'DESCARGA_XML','Descarga XML (ORDINARIA) factura 5','2026-02-11T13:44:22.375Z','d621ed3afaffcc3dcedd5183adde96741875eb8879651970dfb2e3e2189e7a42','4a69b22c65601ad03b05421409a90a08d5948ca814ed21be10ed156f4cf1ff99',296),(416,2,'DESCARGA_XML','Descarga XML (ORDINARIA) factura 4','2026-02-11T13:44:23.016Z','5329bf74f5693002509b7cf80bd9d21610296ae6070e61a2b1cb30d4c9667d44','d621ed3afaffcc3dcedd5183adde96741875eb8879651970dfb2e3e2189e7a42',297),(417,2,'DESCARGA_XML','Descarga XML (ORDINARIA) factura 3','2026-02-11T13:44:23.706Z','71af39c63a19e598e252b94a23c22f34fce660599cd2ca7d323c38f2fae11d77','5329bf74f5693002509b7cf80bd9d21610296ae6070e61a2b1cb30d4c9667d44',298),(418,2,'DESCARGA_XML','Descarga XML (ORDINARIA) factura 1','2026-02-11T13:44:29.735Z','0e02db0a965f0df8900cd104b5eb16297f9a67d34d9e61cc77aa2f0c3405bf9c','71af39c63a19e598e252b94a23c22f34fce660599cd2ca7d323c38f2fae11d77',299),(419,2,'DESCARGA_XML','Descarga XML (ORDINARIA) factura 13','2026-02-11T13:44:37.401Z','f0d6791e710dd9c0f9415eb48f30d43abd26d7c2bf71aa1c2255f88f3b7903fd','0e02db0a965f0df8900cd104b5eb16297f9a67d34d9e61cc77aa2f0c3405bf9c',300),(420,2,'FACTURA_REGISTRADA','Factura 17 registrada','2026-02-11T14:08:05.625Z','fb427781f89519e784e4dccaa29b09534fcdb8b3c5484c1b0ae31d05dede3f2a','f0d6791e710dd9c0f9415eb48f30d43abd26d7c2bf71aa1c2255f88f3b7903fd',301),(421,2,'DESCARGA_PDF','Descarga de PDF sellado de la factura 17','2026-02-11T14:08:05.635Z','50123c5a005d6089948e6f0ef059cda0b869b62f4bccfcd7eaffafa9776e27b2','fb427781f89519e784e4dccaa29b09534fcdb8b3c5484c1b0ae31d05dede3f2a',302),(422,2,'DESCARGA_XML','Descarga XML (ORDINARIA) factura 17','2026-02-11T14:08:12.482Z','ebaf6a3323d3d0bc523834f0422779673a119b7b3e255d1406a15cf2da3cb2e0','50123c5a005d6089948e6f0ef059cda0b869b62f4bccfcd7eaffafa9776e27b2',303),(423,2,'FACTURA_RECTIFICADA','Factura 15-R1 rectificada','2026-02-11T14:09:21.344Z','3d9b3d08cc5e51126115bec9daaba248d44b0ac162e37478ebb3ef3fcb35f0f0','ebaf6a3323d3d0bc523834f0422779673a119b7b3e255d1406a15cf2da3cb2e0',304),(424,2,'DESCARGA_XML','Descarga XML (RECTIFICATIVA) factura 15-R1','2026-02-11T14:09:25.335Z','3bf039c4bc52c104d1238f438826f7a987a4d5a97e5afe415892a6efb8233b0e','3d9b3d08cc5e51126115bec9daaba248d44b0ac162e37478ebb3ef3fcb35f0f0',305),(425,2,'DESCARGA_XML','Descarga XML (ORDINARIA) factura 3','2026-02-11T14:09:57.560Z','fc5cb9e6f73e66f3be3b313e6c4b186a9eac73a8121c7705b1105b9d4e5c9123','3bf039c4bc52c104d1238f438826f7a987a4d5a97e5afe415892a6efb8233b0e',306),(426,2,'FACTURA_REGISTRADA','Factura 18 registrada','2026-02-11T14:10:19.754Z','0d97bdc46b5bb35592a9ae3052ecd961a2941223538e4ca87b6ec02562d0d7fc','fc5cb9e6f73e66f3be3b313e6c4b186a9eac73a8121c7705b1105b9d4e5c9123',307),(427,2,'DESCARGA_PDF','Descarga de PDF sellado de la factura 18','2026-02-11T14:10:19.766Z','b7359c09cced4fa588d43894144d65427cbe1b216c99db5e79648ede8319d472','0d97bdc46b5bb35592a9ae3052ecd961a2941223538e4ca87b6ec02562d0d7fc',308),(428,2,'DESCARGA_XML','Descarga XML (ORDINARIA) factura 18','2026-02-11T14:10:23.076Z','5cd2580419d2c5b487ecbd004ee2651f631dfc5944ad900522e19e7b44e749cb','b7359c09cced4fa588d43894144d65427cbe1b216c99db5e79648ede8319d472',309),(429,2,'LOGIN_2FA_REQUERIDO','Credenciales correctas, se requiere 2FA','2026-02-12T08:51:45.672Z','67ed714f163af5aaa03de4d01a8d881ebecc170329b7e52e9e5383aab90c6fec','5cd2580419d2c5b487ecbd004ee2651f631dfc5944ad900522e19e7b44e749cb',310),(430,2,'LOGIN_2FA_OK','Login con 2FA correcto','2026-02-12T08:51:57.318Z','14d6fbadbfc7d3c489b0159a6278a30811050b23bc514208a9aacb409b9c1bd4','67ed714f163af5aaa03de4d01a8d881ebecc170329b7e52e9e5383aab90c6fec',311),(431,2,'DESCARGA_PDF','Descarga de PDF sellado de la factura 18','2026-02-12T09:15:46.380Z','a32d51d9c499215c257cd059e8bbabf2585e2df6add738689cfb2c5ea0bb2b4a','14d6fbadbfc7d3c489b0159a6278a30811050b23bc514208a9aacb409b9c1bd4',312),(432,2,'LOGIN_2FA_REQUERIDO','Credenciales correctas, se requiere 2FA','2026-02-18T07:55:06.806Z','4fd1eb811a4b2f2b604e43be86eb637cbe1046bccff8b333eb33065e2be9c7ad','a32d51d9c499215c257cd059e8bbabf2585e2df6add738689cfb2c5ea0bb2b4a',313),(433,2,'LOGIN_2FA_OK','Login con 2FA correcto','2026-02-18T07:55:16.498Z','6ffd0ce5763df7eb3a58431c9b5edeb4e83146eab0c4475b4922b525e94e7c71','4fd1eb811a4b2f2b604e43be86eb637cbe1046bccff8b333eb33065e2be9c7ad',314),(434,2,'FACTURA_REGISTRADA','Factura 19 registrada','2026-02-18T14:33:05.520Z','ee5002ebca38ecf6f7d324caeed8948ad4236c0d507ee1c3f5a9967b554c9a47','6ffd0ce5763df7eb3a58431c9b5edeb4e83146eab0c4475b4922b525e94e7c71',315),(435,2,'DESCARGA_PDF','Descarga de PDF sellado de la factura 19','2026-02-18T14:33:05.533Z','c6f60f43626dce36fa19dbddbe08636d13bb1a3329e7d99ec9d801b95ab2c8bd','ee5002ebca38ecf6f7d324caeed8948ad4236c0d507ee1c3f5a9967b554c9a47',316),(436,2,'FACTURA_REGISTRADA','Factura 20 registrada','2026-02-18T15:17:49.813Z','eca83d9533f640e185bebda6244580f6a4947fdb4735061f7304d6bca9136cc2','c6f60f43626dce36fa19dbddbe08636d13bb1a3329e7d99ec9d801b95ab2c8bd',317),(437,2,'DESCARGA_PDF','Descarga de PDF sellado de la factura 20','2026-02-18T15:17:49.823Z','14a8442512fb516f0558538a670982fc4e046d35f83dc98482cb0104ed19ed3d','eca83d9533f640e185bebda6244580f6a4947fdb4735061f7304d6bca9136cc2',318),(438,2,'FACTURA_REGISTRADA','Factura 21 registrada','2026-02-18T15:21:42.373Z','daa3ecfe40f0a464f79a24b66ba617f7f60e3a45fbd76bbf7934e7d83bad8040','14a8442512fb516f0558538a670982fc4e046d35f83dc98482cb0104ed19ed3d',319),(439,2,'DESCARGA_PDF','Descarga de PDF sellado de la factura 21','2026-02-18T15:21:42.383Z','4d7ca66856af0919837c4d684b95d8eb9a55d23a0a6e85d159fcb658a5882d6f','daa3ecfe40f0a464f79a24b66ba617f7f60e3a45fbd76bbf7934e7d83bad8040',320),(440,2,'LOGIN_2FA_REQUERIDO','Credenciales correctas, se requiere 2FA','2026-02-19T07:52:27.051Z','000414cbf29c2b1b2aae728d8c00343f275ef672467065062ba10dd1c46f2721','4d7ca66856af0919837c4d684b95d8eb9a55d23a0a6e85d159fcb658a5882d6f',321),(441,2,'LOGIN_2FA_OK','Login con 2FA correcto','2026-02-19T07:52:37.585Z','d045fba65449f3952c03c8dde617214daf97c1151390b009f68bc294f93b36cf','000414cbf29c2b1b2aae728d8c00343f275ef672467065062ba10dd1c46f2721',322),(442,2,'FACTURA_ANULADA','Factura 19 anulada','2026-02-19T07:53:07.157Z','8c85e0b5105dfe47105b281bbf32229145e8306a48afc8048110995c1459c31a','d045fba65449f3952c03c8dde617214daf97c1151390b009f68bc294f93b36cf',323),(443,2,'FACTURA_REGISTRADA','Factura 22 registrada','2026-02-19T07:56:53.991Z','10789c71b6046c76ec1b9a451cbfcef8f782e2b3cdd8733664d5321cd20b797f','8c85e0b5105dfe47105b281bbf32229145e8306a48afc8048110995c1459c31a',324),(444,2,'DESCARGA_PDF','Descarga de PDF sellado de la factura 22','2026-02-19T07:56:54.000Z','974c3c9a9696df4d2a1d562559d367071d1373b20393487fe49bb149a21b61c3','10789c71b6046c76ec1b9a451cbfcef8f782e2b3cdd8733664d5321cd20b797f',325),(445,2,'FACTURA_RECTIFICADA','Factura 22-R1 rectificada','2026-02-19T07:57:31.208Z','fdaac1abe7bc68e79751dc10f89b897b40b113cf67317f6020af8f4fbc80e98b','974c3c9a9696df4d2a1d562559d367071d1373b20393487fe49bb149a21b61c3',326),(446,2,'DESCARGA_XML','Descarga XML (RECTIFICATIVA) factura 22-R1','2026-02-19T07:57:35.552Z','1bbd219cefc34666cf6ade28ed25f4d14b6201a710b3b1bf17ed6bf92f7632f4','fdaac1abe7bc68e79751dc10f89b897b40b113cf67317f6020af8f4fbc80e98b',327),(447,2,'DESCARGA_PDF','Descarga de PDF sellado de la factura 22-R1','2026-02-19T07:57:45.881Z','a588bc9bd0ba4c9257f2e6854cbc912e79a5361365fecb5667dba8d9f8c521ac','1bbd219cefc34666cf6ade28ed25f4d14b6201a710b3b1bf17ed6bf92f7632f4',328),(448,2,'DESCARGA_PDF','Descarga de PDF sellado de la factura 22','2026-02-19T07:59:36.702Z','8b528090d14a92133d463b31934c7589d063331127119896194dcf89f11cca18','a588bc9bd0ba4c9257f2e6854cbc912e79a5361365fecb5667dba8d9f8c521ac',329),(449,2,'FACTURA_ANULADA','Factura 22-R1 anulada','2026-02-19T08:10:58.334Z','e1b3d5d7e6ad0459bc67f035beaf44b01e8faeb510a4fcdfd9514e43747b3d77','8b528090d14a92133d463b31934c7589d063331127119896194dcf89f11cca18',330),(450,2,'FACTURA_RECTIFICADA','Factura 22-R2 rectificada','2026-02-19T08:11:12.207Z','7a6485d49afdb3316e36a0cec9070a1e7fe5e463bbd974af4ecb5c553f37fee6','e1b3d5d7e6ad0459bc67f035beaf44b01e8faeb510a4fcdfd9514e43747b3d77',331),(451,2,'DESCARGA_PDF','Descarga de PDF sellado de la factura 22-R2','2026-02-19T08:11:15.932Z','7276161f764fbfd25030aeb3963745d33d149f19c774009d040e7a33062bdbd2','7a6485d49afdb3316e36a0cec9070a1e7fe5e463bbd974af4ecb5c553f37fee6',332),(452,2,'DESCARGA_XML','Descarga XML (RECTIFICATIVA) factura 22-R2','2026-02-19T08:14:04.132Z','f0a88620718077fafb6e0bac26682e9e55e03b056d41cdb7f83e078bb876f1ce','7276161f764fbfd25030aeb3963745d33d149f19c774009d040e7a33062bdbd2',333),(453,2,'DESCARGA_PDF','Descarga de PDF sellado de la factura 22-R1','2026-02-19T09:03:12.558Z','bc82247ed9dbcb8c6968d47d16522c214c7c832a5d684d06db2c0b177bba77be','f0a88620718077fafb6e0bac26682e9e55e03b056d41cdb7f83e078bb876f1ce',334),(454,2,'LOGIN_2FA_REQUERIDO','Credenciales correctas, se requiere 2FA','2026-02-20T13:43:30.499Z','c3c45a593b871f0527d038717649d7ffb50e18e4ef44baa90a7c810f8c64dc66','bc82247ed9dbcb8c6968d47d16522c214c7c832a5d684d06db2c0b177bba77be',335),(455,2,'LOGIN_2FA_OK','Login con 2FA correcto','2026-02-20T13:43:45.209Z','5dd589146b29ed54abe30ef7a75c0df10846daa038eaca116dc5b03ec3335515','c3c45a593b871f0527d038717649d7ffb50e18e4ef44baa90a7c810f8c64dc66',336),(456,2,'ADMIN_VERIFICACION_GLOBAL','Verificación global de integridad ejecutada','2026-02-20T14:43:11.813Z','c3581db30c943ee34d12343662d0f52d6d2bcd72cced0c028c7a21fde269f479','5dd589146b29ed54abe30ef7a75c0df10846daa038eaca116dc5b03ec3335515',337),(457,3,'INICIO_NUEVA_CADENA_EVENTOS','Inicio de nueva etapa por corrección estructural del sistema','2026-02-20T14:43:52.548Z','224c101b9b45a2f36806c38a589d62f1482ccacc29abef9ad7ecc4b6e9d068a6','0000000000000000000000000000000000000000000000000000000000000000',2),(458,2,'ADMIN_RESET_CADENA_EVENTOS','El admin 2 reinició la cadena de eventos del usuario 3','2026-02-20T14:43:52.562Z','d06e8f689591dbd1c1077df13666bba2c22a68d9849b662f2d111d94bce18069','c3581db30c943ee34d12343662d0f52d6d2bcd72cced0c028c7a21fde269f479',338),(459,4,'INICIO_NUEVA_CADENA_EVENTOS','Inicio de nueva etapa por corrección estructural del sistema','2026-02-20T14:44:03.227Z','233c7a4bd80e49a5bc3232e8c6a9b0d246444c545d8805bcf3a6f315622a8336','0000000000000000000000000000000000000000000000000000000000000000',21),(460,2,'ADMIN_RESET_CADENA_EVENTOS','El admin 2 reinició la cadena de eventos del usuario 4','2026-02-20T14:44:03.243Z','1023c347e95a48136f4c1be6c03ff28bf2163da1e7bb096d5f21369f317db9c9','d06e8f689591dbd1c1077df13666bba2c22a68d9849b662f2d111d94bce18069',339),(461,5,'INICIO_NUEVA_CADENA_EVENTOS','Inicio de nueva etapa por corrección estructural del sistema','2026-02-20T14:44:10.793Z','021774249f38dc50d7a4d6f0542b9ff32a347b2fc7d6865a2babc188b93d3a8c','0000000000000000000000000000000000000000000000000000000000000000',2),(462,2,'ADMIN_RESET_CADENA_EVENTOS','El admin 2 reinició la cadena de eventos del usuario 5','2026-02-20T14:44:10.808Z','8d88d7d76c58bc7f65fca65f5c083217f3abb7fe5ce4d9091ba1aac3af838ab9','1023c347e95a48136f4c1be6c03ff28bf2163da1e7bb096d5f21369f317db9c9',340);
/*!40000 ALTER TABLE `log_eventos` ENABLE KEYS */;
UNLOCK TABLES;
/*!50003 SET @saved_cs_client      = @@character_set_client */ ;
/*!50003 SET @saved_cs_results     = @@character_set_results */ ;
/*!50003 SET @saved_col_connection = @@collation_connection */ ;
/*!50003 SET character_set_client  = utf8mb4 */ ;
/*!50003 SET character_set_results = utf8mb4 */ ;
/*!50003 SET collation_connection  = utf8mb4_unicode_ci */ ;
/*!50003 SET @saved_sql_mode       = @@sql_mode */ ;
/*!50003 SET sql_mode              = 'NO_ZERO_IN_DATE,NO_ZERO_DATE,NO_ENGINE_SUBSTITUTION' */ ;
DELIMITER ;;
/*!50003 CREATE*/ /*!50017 DEFINER=`root`@`localhost`*/ /*!50003 TRIGGER no_update_eventos
BEFORE UPDATE ON log_eventos
FOR EACH ROW
SIGNAL SQLSTATE '45000'
SET MESSAGE_TEXT = 'No se permite modificar el log de eventos' */;;
DELIMITER ;
/*!50003 SET sql_mode              = @saved_sql_mode */ ;
/*!50003 SET character_set_client  = @saved_cs_client */ ;
/*!50003 SET character_set_results = @saved_cs_results */ ;
/*!50003 SET collation_connection  = @saved_col_connection */ ;
/*!50003 SET @saved_cs_client      = @@character_set_client */ ;
/*!50003 SET @saved_cs_results     = @@character_set_results */ ;
/*!50003 SET @saved_col_connection = @@collation_connection */ ;
/*!50003 SET character_set_client  = utf8mb4 */ ;
/*!50003 SET character_set_results = utf8mb4 */ ;
/*!50003 SET collation_connection  = utf8mb4_unicode_ci */ ;
/*!50003 SET @saved_sql_mode       = @@sql_mode */ ;
/*!50003 SET sql_mode              = 'NO_ZERO_IN_DATE,NO_ZERO_DATE,NO_ENGINE_SUBSTITUTION' */ ;
DELIMITER ;;
/*!50003 CREATE*/ /*!50017 DEFINER=`root`@`localhost`*/ /*!50003 TRIGGER no_delete_eventos
BEFORE DELETE ON log_eventos
FOR EACH ROW
SIGNAL SQLSTATE '45000'
SET MESSAGE_TEXT = 'No se permite borrar el log de eventos' */;;
DELIMITER ;
/*!50003 SET sql_mode              = @saved_sql_mode */ ;
/*!50003 SET character_set_client  = @saved_cs_client */ ;
/*!50003 SET character_set_results = @saved_cs_results */ ;
/*!50003 SET collation_connection  = @saved_col_connection */ ;

--
-- Table structure for table `registros_facturacion`
--

DROP TABLE IF EXISTS `registros_facturacion`;
/*!40101 SET @saved_cs_client     = @@character_set_client */;
/*!40101 SET character_set_client = utf8 */;
CREATE TABLE `registros_facturacion` (
  `id` bigint(20) NOT NULL AUTO_INCREMENT,
  `usuario_id` bigint(20) NOT NULL,
  `fecha_hora_generacion` varchar(24) NOT NULL,
  `contenido_registro` longtext NOT NULL,
  `hash_registro_actual` char(64) NOT NULL,
  `hash_registro_anterior` char(64) NOT NULL,
  `qr_url` varchar(255) DEFAULT NULL,
  `estado` enum('ALTA','ANULACION','RECTIFICATIVA') NOT NULL,
  `num_registro` int(11) NOT NULL,
  `sif_config_id` int(11) DEFAULT NULL,
  `invalido` tinyint(1) NOT NULL DEFAULT 0,
  PRIMARY KEY (`id`),
  KEY `usuario_id` (`usuario_id`),
  KEY `fk_registros_sif_nuevo` (`sif_config_id`),
  CONSTRAINT `fk_registros_sif_nuevo` FOREIGN KEY (`sif_config_id`) REFERENCES `sif_configuracion` (`id`),
  CONSTRAINT `registros_facturacion_ibfk_1` FOREIGN KEY (`usuario_id`) REFERENCES `usuarios` (`id`)
) ENGINE=InnoDB AUTO_INCREMENT=239 DEFAULT CHARSET=utf8mb4 COLLATE=utf8mb4_general_ci;
/*!40101 SET character_set_client = @saved_cs_client */;

--
-- Dumping data for table `registros_facturacion`
--

LOCK TABLES `registros_facturacion` WRITE;
/*!40000 ALTER TABLE `registros_facturacion` DISABLE KEYS */;
/*!40000 ALTER TABLE `registros_facturacion` ENABLE KEYS */;
UNLOCK TABLES;
/*!50003 SET @saved_cs_client      = @@character_set_client */ ;
/*!50003 SET @saved_cs_results     = @@character_set_results */ ;
/*!50003 SET @saved_col_connection = @@collation_connection */ ;
/*!50003 SET character_set_client  = utf8mb4 */ ;
/*!50003 SET character_set_results = utf8mb4 */ ;
/*!50003 SET collation_connection  = utf8mb4_unicode_ci */ ;
/*!50003 SET @saved_sql_mode       = @@sql_mode */ ;
/*!50003 SET sql_mode              = 'NO_ZERO_IN_DATE,NO_ZERO_DATE,NO_ENGINE_SUBSTITUTION' */ ;
DELIMITER ;;
/*!50003 CREATE*/ /*!50017 DEFINER=`root`@`localhost`*/ /*!50003 TRIGGER no_update_registros_facturacion
BEFORE UPDATE ON registros_facturacion
FOR EACH ROW
BEGIN
  IF 
    NEW.hash_registro_actual <> OLD.hash_registro_actual OR
    NEW.hash_registro_anterior <> OLD.hash_registro_anterior OR
    NEW.num_registro <> OLD.num_registro OR
    NEW.usuario_id <> OLD.usuario_id OR
    NEW.contenido_registro <> OLD.contenido_registro OR
    NEW.fecha_hora_generacion <> OLD.fecha_hora_generacion OR
    NEW.sif_config_id <> OLD.sif_config_id
  THEN
    SIGNAL SQLSTATE '45000'
    SET MESSAGE_TEXT = 'No se permite modificar registros de facturación.';
  END IF;
END */;;
DELIMITER ;
/*!50003 SET sql_mode              = @saved_sql_mode */ ;
/*!50003 SET character_set_client  = @saved_cs_client */ ;
/*!50003 SET character_set_results = @saved_cs_results */ ;
/*!50003 SET collation_connection  = @saved_col_connection */ ;
/*!50003 SET @saved_cs_client      = @@character_set_client */ ;
/*!50003 SET @saved_cs_results     = @@character_set_results */ ;
/*!50003 SET @saved_col_connection = @@collation_connection */ ;
/*!50003 SET character_set_client  = utf8mb4 */ ;
/*!50003 SET character_set_results = utf8mb4 */ ;
/*!50003 SET collation_connection  = utf8mb4_unicode_ci */ ;
/*!50003 SET @saved_sql_mode       = @@sql_mode */ ;
/*!50003 SET sql_mode              = 'NO_ZERO_IN_DATE,NO_ZERO_DATE,NO_ENGINE_SUBSTITUTION' */ ;
DELIMITER ;;
/*!50003 CREATE*/ /*!50017 DEFINER=`root`@`localhost`*/ /*!50003 TRIGGER no_delete_registros_facturacion
BEFORE DELETE ON registros_facturacion
FOR EACH ROW
BEGIN
  SIGNAL SQLSTATE '45000'
  SET MESSAGE_TEXT = 'No se permite borrar registros de facturación.';
END */;;
DELIMITER ;
/*!50003 SET sql_mode              = @saved_sql_mode */ ;
/*!50003 SET character_set_client  = @saved_cs_client */ ;
/*!50003 SET character_set_results = @saved_cs_results */ ;
/*!50003 SET collation_connection  = @saved_col_connection */ ;

--
-- Table structure for table `sif_configuracion`
--

DROP TABLE IF EXISTS `sif_configuracion`;
/*!40101 SET @saved_cs_client     = @@character_set_client */;
/*!40101 SET character_set_client = utf8 */;
CREATE TABLE `sif_configuracion` (
  `id` int(11) NOT NULL AUTO_INCREMENT,
  `nombre` varchar(100) NOT NULL,
  `usuario_id` bigint(11) NOT NULL,
  `nif` varchar(9) DEFAULT NULL,
  `version` varchar(20) NOT NULL,
  `activo` tinyint(1) NOT NULL DEFAULT 1,
  `fecha_declaracion_responsable` datetime DEFAULT NULL,
  `fecha_baja` datetime DEFAULT NULL,
  `created_at` timestamp NOT NULL DEFAULT current_timestamp(),
  `es_global` tinyint(1) DEFAULT 0,
  PRIMARY KEY (`id`),
  KEY `usuario_id` (`usuario_id`),
  KEY `id_2` (`id`),
  CONSTRAINT `sif_configuracion_ibfk_1` FOREIGN KEY (`usuario_id`) REFERENCES `usuarios` (`id`) ON DELETE CASCADE
) ENGINE=InnoDB AUTO_INCREMENT=4 DEFAULT CHARSET=utf8mb4 COLLATE=utf8mb4_general_ci;
/*!40101 SET character_set_client = @saved_cs_client */;

--
-- Dumping data for table `sif_configuracion`
--

LOCK TABLES `sif_configuracion` WRITE;
/*!40000 ALTER TABLE `sif_configuracion` DISABLE KEYS */;
INSERT INTO `sif_configuracion` VALUES (1,'NOVERIFACTU-DEV-1.0.0',2,'71902382N','1.0.0',1,'2026-01-22 12:33:32',NULL,'2026-02-04 11:21:29',1),(2,'InAltera-0.1',2,'71728851Q','0.1',0,'2026-02-05 00:00:00',NULL,'2026-02-05 11:28:07',0),(3,'TercerSW',2,'68798795E','1.0',0,'2026-02-09 00:00:00',NULL,'2026-02-09 07:33:21',0);
/*!40000 ALTER TABLE `sif_configuracion` ENABLE KEYS */;
UNLOCK TABLES;

--
-- Table structure for table `usuarios`
--

DROP TABLE IF EXISTS `usuarios`;
/*!40101 SET @saved_cs_client     = @@character_set_client */;
/*!40101 SET character_set_client = utf8 */;
CREATE TABLE `usuarios` (
  `id` bigint(20) NOT NULL AUTO_INCREMENT,
  `email` varchar(50) NOT NULL,
  `password_hash` varchar(150) NOT NULL,
  `nombre` varchar(100) NOT NULL,
  `activo` tinyint(1) DEFAULT 1,
  `fecha_creacion` datetime DEFAULT current_timestamp(),
  `suscripcion` enum('GRATUITO','BASICO','PRO') NOT NULL DEFAULT 'GRATUITO',
  `estado_suscripcion` enum('ACTIVA','PENDIENTE','VENCIDA') NOT NULL DEFAULT 'ACTIVA',
  `twofa_secret` varchar(255) DEFAULT NULL,
  `twofa_enabled` tinyint(1) DEFAULT 0,
  `rol` enum('USER','ADMIN') NOT NULL DEFAULT 'USER',
  PRIMARY KEY (`id`),
  UNIQUE KEY `email` (`email`)
) ENGINE=InnoDB AUTO_INCREMENT=6 DEFAULT CHARSET=utf8mb4 COLLATE=utf8mb4_general_ci;
/*!40101 SET character_set_client = @saved_cs_client */;

--
-- Dumping data for table `usuarios`
--

LOCK TABLES `usuarios` WRITE;
/*!40000 ALTER TABLE `usuarios` DISABLE KEYS */;
INSERT INTO `usuarios` VALUES (1,'demo@noverifactu.local','$2b$10$i5T1GltpKY7LV.fJedzlK.UBoSSlaX9EINvcTyIg8R9Vp9tPK2Z7G','Usuario Demo',1,'2026-01-19 15:50:57','PRO','ACTIVA',NULL,0,'USER'),(2,'rebecamm2495@gmail.com','$2b$10$ZgjxSylwmg71H7zEBHgMgOF3tIFYehZk629pxnA4.zUxZZi4EAD1W','Rebeca',1,'2026-01-22 10:29:35','PRO','ACTIVA','KRDVINR2OASEG3JVK4SXW3CQLBJGCOSBJBHVCULVFB2GKOKWLISA',1,'ADMIN'),(3,'pruebas@noverifactu.local','$2b$10$ARu1Lapmg5r9HKD/xbfLiu7e3Ya0qfgXCDYhmHhR4tjG3bK/10Ir6','Pruebas',1,'2026-02-03 14:27:42','GRATUITO','ACTIVA',NULL,0,'USER'),(4,'test@noveri.local','$2b$10$aJDnUIs9AYjjsQ0fbt9cruocRkpuu4YgcMgjhAcG5ftPmuMjsh1q6','Test',1,'2026-02-06 15:53:51','PRO','ACTIVA','JE6HIWTWFBVW4Y22FBZGONRDGBTVEZR3LNYDUODZLYVDAODXJJEA',1,'USER'),(5,'pepi@gmail.com','$2b$10$UbQbCcLjiKAeJdf8MVI70uALNxSt6eZ.v.FvyQpzrgAOSq.nTvLFy','Pepita',1,'2026-02-11 14:08:04','GRATUITO','ACTIVA',NULL,0,'USER');
/*!40000 ALTER TABLE `usuarios` ENABLE KEYS */;
UNLOCK TABLES;
/*!40103 SET TIME_ZONE=@OLD_TIME_ZONE */;

/*!40101 SET SQL_MODE=@OLD_SQL_MODE */;
/*!40014 SET FOREIGN_KEY_CHECKS=@OLD_FOREIGN_KEY_CHECKS */;
/*!40014 SET UNIQUE_CHECKS=@OLD_UNIQUE_CHECKS */;
/*!40101 SET CHARACTER_SET_CLIENT=@OLD_CHARACTER_SET_CLIENT */;
/*!40101 SET CHARACTER_SET_RESULTS=@OLD_CHARACTER_SET_RESULTS */;
/*!40101 SET COLLATION_CONNECTION=@OLD_COLLATION_CONNECTION */;
/*!40111 SET SQL_NOTES=@OLD_SQL_NOTES */;

-- Dump completed on 2026-02-20 15:58:10
